AFTER,IAPF (Hz.),Theta peak frequency (Hz.),Alpha peak frequency (Hz.),Beta peak frequency (Hz.),Baseline Alpha Gravity (Alpha1 / Alpha2 Power),Alpha Gravity (Alpha1 / Alpha2 Power),Baseline Fatigue score (Alpha /Theta /Beta Power),Fatigue score (Alpha /Theta /Beta Power),Baseline Concentration index (Beta/ Alpha Power),Concentration Index (Beta/ Alpha Power),Baseline Relaxation index (Alpha /Beta Power),Relaxation index  (Alpha /Beta Power),Chill %,Stress %,Focus %,Anger %,Self-control %,Unnamed: 20,Unnamed: 21,Unnamed: 22,Unnamed: 23,Unnamed: 24,Unnamed: 25,Unnamed: 26,Unnamed: 27,Unnamed: 28,Unnamed: 29
ID-004,,,,,,,,,,,,,,,,,,,,,,,,,,,
,,,,,,,,,,,,,,,,,,,,,,,,,,,
,10.3000001907349,4.90825042555336,7.09994612237352,15.8545974822278,0.810293257236481,0.396326370619698,9.58974838256836,8.12287484944337,0.80159604549408,0.369064661181767,3.168781042099,3.01340241838371,51.4357730363704,58.4637138560155,23.6995019595332,33.380586200962,57.9632700997185,,,,,,,,,,
,10.3000001907349,4.94740159761337,7.19287937501117,15.4230841885975,0.810293257236481,0.391922071535909,9.58974838256836,9.11047356363325,0.80159604549408,0.34925450593375,3.168781042099,3.05914818525126,48.0424782525925,61.8903155311706,22.470517860897,24.5662004622202,64.6154350644066,,,,,,,,,,
,10.3000001907349,4.94005520561892,7.29398421625232,15.2619258738015,0.810293257236481,0.554118059586369,9.58974838256836,8.15386603236949,0.80159604549408,0.452809472626974,3.168781042099,2.78831067035064,46.48912442445,62.9962268973751,24.4469904794302,24.8966662590436,71.3149898180074,,,,,,,,,,
,10.3000001907349,4.81788129149359,7.0,15.1349857716168,0.810293257236481,0.322545051947,9.58974838256836,11.8193739674137,0.80159604549408,0.2828373747932,3.168781042099,3.63975828108532,44.4532041851478,65.5467980843556,22.3121725335906,16.6304674631433,93.2144860376286,,,,,,,,,,
,10.3000001907349,4.78232067087062,7.00499210116613,15.3781865058917,0.810293257236481,0.36818866123591,9.58974838256836,10.2565611037089,0.80159604549408,0.341338828565526,3.168781042099,3.17319862665724,42.5074505316326,67.4260044188296,23.3734065262251,12.5431097777911,95.3229224881478,,,,,,,,,,
,10.3000001907349,4.60960506811338,7.03568088665578,15.2781595894209,0.810293257236481,0.51072742279154,9.58974838256836,8.7617116494578,0.80159604549408,0.411843472544286,3.168781042099,2.9446084184481,49.7724576832559,60.0181852886085,27.3605633806467,27.2157222121059,80.248538760024,,,,,,,,,,
,10.3000001907349,4.82167829545138,7.077023659309,15.3015535966831,0.810293257236481,0.416539684623384,9.58974838256836,10.5021267449931,0.80159604549408,0.392780892503233,3.168781042099,3.34240902410228,49.8751837673247,60.1221438627514,29.9199346879303,24.074554199676,85.1823089070125,,,,,,,,,,
,10.3000001907349,4.69723569827744,7.0,15.8617531697207,0.810293257236481,0.50591084775338,9.58974838256836,8.23395485990786,0.80159604549408,0.605182367553581,3.168781042099,2.71893556991051,52.000173610977,57.8449558185626,41.1216377910179,29.4056464116785,80.5938363980643,,,,,,,,,,
,,,,,,,,,,,,,,,,,,,,,,,,,,,
ID-005,,,,,,,,,,,,,,,,,,,,,,,,,,,
,,,,,,,,,,,,,,,,,,,,,,,,,,,
,7.30000019073486,4.83401689970813,7.1775472986054,16.8911097944426,3.78065180134129,2.8465280884021,2.02015118824469,1.86172056619379,0.289315413683653,0.25745389023091,0.593079348673692,0.554291961444793,39.1255985595085,66.5138836422482,65.4625694300677,50.0614343527201,44.0844692926149,,,,,,,,,,
,7.30000019073486,5.08711936559595,7.38161345435397,16.3488739087078,10.4099807739258,8.76167223684328,5.56246280670166,3.5665446684801,0.796626627445221,0.964183415615761,1.63303709030151,1.13228887084151,35.0226872291885,72.9715774407908,79.2311791940897,52.3310365308233,36.8880650752733,,,,,,,,,,
,7.30000019073486,4.87574502099352,7.45558666598799,16.1727133690037,10.4099807739258,11.0468098125537,5.56246280670166,2.96180830587146,0.796626627445221,1.10119892550608,1.63303709030151,0.942751848167176,26.9551570320129,80.6232148361206,94.54667040507,63.0231789016724,32.8644685077667,,,,,,,,,,
,7.30000019073486,5.27511792544112,8.16611456082116,15.8909568015442,10.4099807739258,10.4149216994891,5.56246280670166,4.03013900884359,0.796626627445221,0.658075681203526,1.63303709030151,1.98853754398434,31.7259106049902,77.9491684618978,85.9326753077713,73.1905350542544,36.2307793816855,,,,,,,,,,
,7.30000019073486,5.53600335244129,7.93822292959437,16.5207055127717,10.4099807739258,10.8368940353394,5.56246280670166,4.04193162918083,0.796626627445221,0.603916704654694,1.63303709030151,1.65585744380951,32.4630928039551,77.5369110107422,84.6509017944336,72.4642791748047,37.019588470459,,,,,,,,,,
,7.30000019073486,5.04275084849605,8.15463452503931,16.2931593586992,10.4099807739258,10.8368940353394,5.56246280670166,4.04193162918084,0.796626627445221,0.603916704654694,1.63303709030151,1.65585744380951,32.4630928039551,77.5369110107422,84.6509017944336,72.4642791748047,37.019588470459,,,,,,,,,,
,7.30000019073486,5.24572956490394,7.38467615940342,16.1659966152615,10.4099807739258,11.1430603740052,5.56246280670166,3.99585748220915,0.796626627445221,0.607222270981498,1.63303709030151,1.67116845539794,32.8876601332217,77.1123441081612,83.822924058306,71.5844723633016,38.0508599130061,,,,,,,,,,
,7.30000019073486,4.84297165315813,7.94549746788806,16.8621235911952,10.4099807739258,10.9395581061534,5.56246280670166,4.85605613324394,0.796626627445221,0.536850962072912,1.63303709030151,2.04589500226341,39.7100888795168,70.2899126743832,45.7081767768414,30.1053587908737,79.8577233889266,,,,,,,,,,
,,,,,,,,,,,,,,,,,,,,,,,,,,,
ID-007,,,,,,,,,,,,,,,,,,,,,,,,,,,
,,,,,,,,,,,,,,,,,,,,,,,,,,,
,12.1000003814697,5.51532019553799,10.3533893602359,16.8619571387414,0.277532070875168,0.204356691496872,1.44692754745483,1.53563495218851,2.09173226356506,1.29672576546078,1.13728535175323,0.823778372126153,49.3009037735439,53.6737717669396,48.1665168044591,41.165989507543,48.8594944327578,,,,,,,,,,
,12.1000003814697,5.41479371613551,11.7378584841127,16.0106139622274,0.277532070875168,0.314757365884257,1.44692754745483,1.14406184905479,2.09173226356506,1.33805945919873,1.13728535175323,0.812981486306615,46.1649472431811,44.5063888879862,48.3773355087306,50.619578896267,45.9398574702157,,,,,,,,,,
,12.1000003814697,5.37834226335229,11.3962018732873,15.8935926920743,0.277532070875168,0.297328139004456,1.44692754745483,1.16129790361118,2.09173226356506,1.38975630909552,1.13728535175323,0.805060932122809,50.3279079570993,39.0025000532402,52.3988988554736,61.38769453555,47.9205596618143,,,,,,,,,,
,12.1000003814697,5.41523292277299,10.7888568315728,15.6582645992749,0.277532070875168,0.275370235131332,1.44692754745483,1.40233601526094,2.09173226356506,1.39538232275531,1.13728535175323,0.762715290956909,49.9441710486388,47.9703747500199,62.8016381033645,67.3586341108935,41.3471915107003,,,,,,,,,,
,12.1000003814697,4.96397669217587,10.8314247771343,16.4434550498486,0.277532070875168,0.268878850561382,1.44692754745483,1.26913613375623,2.09173226356506,1.57959179243147,1.13728535175323,0.712579384862884,42.8159722773234,50.5260651620229,77.2843346405029,72.2395762443543,36.2755925178528,,,,,,,,,,
,12.1000003814697,5.30366505951771,10.4420807332017,16.067935717759,0.277532070875168,0.262354545229586,1.44692754745483,1.08131535531762,2.09173226356506,1.55349088473977,1.13728535175323,0.690375254877628,40.4962295998048,51.7718987480642,90.4438124678709,79.4325120252351,30.4465898224229,,,,,,,,,,
,12.1000003814697,5.59100999252796,10.0270499011914,16.5229865890345,0.277532070875168,0.252335947704565,1.44692754745483,0.934171628143382,2.09173226356506,1.75151894684235,1.13728535175323,0.590525763690972,32.1148525333405,63.6031261761983,75.5063585917155,87.8812155024211,21.9832846323649,,,,,,,,,,
,12.1000003814697,5.50891682656554,11.977126346055,15.8148003353653,0.277532070875168,0.321768006132716,1.44692754745483,1.19322347169112,2.09173226356506,1.32580896510061,1.13728535175323,0.835625206874238,46.1260455983649,43.8310288764078,53.5655158514191,73.8739574007107,35.9058144231406,,,,,,,,,,
,,,,,,,,,,,,,,,,,,,,,,,,,,,
ID-011,,,,,,,,,,,,,,,,,,,,,,,,,,,
,,,,,,,,,,,,,,,,,,,,,,,,,,,
,8.30000019073486,4.89580327626361,9.05809927321639,16.5863300923138,4.23048782348633,6.72257256591807,6.49571752548218,7.43614036916329,0.526713013648987,0.259189709162567,3.75438570976257,4.78520049723571,77.0103077400021,30.4917426907919,30.7492847938848,41.1856506347656,68.7559163349431,,,,,,,,,,
,8.30000019073486,4.73194010379631,7.97235919946985,16.1734368831209,4.23048782348633,2.64717802419639,6.49571752548218,8.76225591965862,0.526713013648987,0.28508104647537,3.75438570976257,4.03301992944145,85.1871088885952,24.7254028783261,21.6675773237901,24.7778572079433,84.902800279142,,,,,,,,,,
,8.30000019073486,5.44915075534747,8.64025442920966,17.1293386547918,4.23048782348633,3.99532641589553,6.49571752548218,5.20003817878235,0.526713013648987,0.324107173429365,3.75438570976257,3.32478244811829,91.1630935297986,17.8303634420979,21.1985663254798,23.422506091274,86.5374890888529,,,,,,,,,,
,8.30000019073486,5.65430262604964,8.68981388980123,17.6019934748987,4.23048782348633,4.35092745263608,6.49571752548218,6.60124037070561,0.526713013648987,0.229059335652221,3.75438570976257,4.81362716434072,95.8506558859618,5.63577377922384,16.1083428682247,20.7718870601222,89.1746513959274,,,,,,,,,,
,8.30000019073486,5.65430262604964,8.68981388980123,17.6019934748987,4.23048782348633,4.35092745263608,6.49571752548218,6.60124037070561,0.526713013648987,0.229059335652221,3.75438570976257,4.81362716434072,95.8506558859618,5.63577377922384,16.1083428682247,20.7718870601222,89.1746513959274,,,,,,,,,,
,8.30000019073486,5.65430262604964,8.68981388980123,17.6019934748987,4.23048782348633,4.35092745263608,6.49571752548218,6.60124037070561,0.526713013648987,0.229059335652221,3.75438570976257,4.81362716434072,95.8506558859618,5.63577377922384,16.1083428682247,20.7718870601222,89.1746513959274,,,,,,,,,,
,8.30000019073486,5.65430262604964,8.68981388980123,17.6019934748987,4.23048782348633,4.35092745263608,6.49571752548218,6.60124037070561,0.526713013648987,0.229059335652221,3.75438570976257,4.81362716434072,95.8506558859618,5.63577377922384,16.1083428682247,20.7718870601222,89.1746513959274,,,,,,,,,,
,8.30000019073486,5.65430262604964,8.68981388980123,17.6019934748987,4.23048782348633,4.35092745263608,6.49571752548218,6.60124037070561,0.526713013648987,0.229059335652221,3.75438570976257,4.81362716434072,95.8506558859618,5.63577377922384,16.1083428682247,20.7718870601222,89.1746513959274,,,,,,,,,,
,,,,,,,,,,,,,,,,,,,,,,,,,,,
ID-012,,,,,,,,,,,,,,,,,,,,,,,,,,,
,,,,,,,,,,,,,,,,,,,,,,,,,,,
,9.19999980926514,5.78067291847892,9.07658428099533,18.2402351646163,1.72370684146881,2.40290670379463,7.36925172805786,5.74329584865187,0.451141327619553,0.317644159606762,6.45723819732666,5.0423340754046,47.9078605560875,35.2493793838475,48.9480478523943,67.9871314144622,39.8298417632381,,,,,,,,,,
,9.19999980926514,5.01676980257434,7.86712773404001,16.3583108464249,1.72370684146881,1.60748453616594,7.36925172805786,4.96356514592931,0.451141327619553,0.37143206324447,6.45723819732666,3.53082933342157,46.9513680017295,39.525014104763,45.510924998051,59.9810505907075,41.9365570068359,,,,,,,,,,
,9.19999980926514,5.52073876675437,8.11509514500111,17.412764761588,1.72370684146881,1.57548053493342,7.36925172805786,5.10796280154306,0.451141327619553,0.404657010798531,6.45723819732666,3.36227234183299,46.1704116610095,55.2593442461482,48.2117801587062,50.4091019481936,44.32713878196,,,,,,,,,,
,9.19999980926514,6.1893715848691,8.65627080745164,18.8713037861717,1.72370684146881,1.60176350941985,7.36925172805786,6.7720891058238,0.451141327619553,0.288675176420815,6.45723819732666,5.24972492481065,60.707793003983,47.2495919797156,33.6171162890063,46.1659728023741,57.996846848064,,,,,,,,,,
,9.19999980926514,5.96468315254484,8.9521687045576,17.8956029986847,1.72370684146881,1.84094069544765,7.36925172805786,5.61919290428876,0.451141327619553,0.322989590163555,6.45723819732666,4.43191715270535,69.6869631609681,37.4284394506295,25.526066339808,45.6867111634964,61.6358861712012,,,,,,,,,,
,9.19999980926514,5.84806370293623,9.48282785435345,17.9995576460307,1.72370684146881,2.14134555617728,7.36925172805786,6.71837485546499,0.451141327619553,0.253041180088063,6.45723819732666,5.29595745665277,79.1630558926554,30.1805681796575,14.148495485631,39.3228555045727,69.9821168896253,,,,,,,,,,
,9.19999980926514,5.82117793412611,8.07432812792853,17.0764369746522,1.72370684146881,1.56341765243154,7.36925172805786,4.92204045245684,0.451141327619553,0.389550919928079,6.45723819732666,3.41087651278277,71.065479489394,33.5721125825081,36.5430752321023,38.8689779765865,68.5572760982217,,,,,,,,,,
,9.19999980926514,5.80498274399748,9.16517477084194,17.9488650527214,1.72370684146881,2.00808160612946,7.36925172805786,7.13278843133302,0.451141327619553,0.282061194544946,6.45723819732666,6.04582457698547,76.0855201536396,22.6588776631339,39.4420995943274,40.1909058349768,68.7291905690229,,,,,,,,,,
,,,,,,,,,,,,,,,,,,,,,,,,,,,
ID-013,,,,,,,,,,,,,,,,,,,,,,,,,,,
,,,,,,,,,,,,,,,,,,,,,,,,,,,
,7.19999980926514,5.66826980950567,7.85088208307162,16.4780162155572,29.9587116241455,18.3443575368982,15.6798810958862,8.70973358026615,0.253519952297211,0.503212114370909,8.49268531799316,4.97286451384497,49.905937848068,57.0889489847162,47.4525226475927,37.9796855661519,54.1756557285882,,,,,,,,,,
,7.19999980926514,4.97246540162489,8.91597745361726,15.9831932559298,29.9587116241455,34.6671429749425,15.6798810958862,11.3416504572133,0.253519952297211,0.153688301561026,8.49268531799316,7.06173643307601,54.9819828899586,53.5783106486003,33.2492914798755,31.106864142917,58.3975167758223,,,,,,,,,,
,7.19999980926514,5.09301124998228,8.37571380965577,18.1830754226428,29.9587116241455,39.2933244655063,15.6798810958862,8.02016277553955,0.253519952297211,0.319189488197105,8.49268531799316,4.67185625700323,50.3999170505732,59.2754726593901,30.3253987088464,28.7754636224826,57.3131212559544,,,,,,,,,,
,7.19999980926514,5.24978841341755,8.57947175973446,16.8321082859934,29.9587116241455,30.1321037829865,15.6798810958862,5.75067106401401,0.253519952297211,0.381511183973391,8.49268531799316,3.52448366696693,51.2291310792593,53.6094710453261,32.4262191636882,33.5833899816904,56.2543005750715,,,,,,,,,,
,7.19999980926514,4.96519752313194,7.91178160756667,16.0084489524882,29.9587116241455,27.2998368462903,15.6798810958862,6.88987198596606,0.253519952297211,0.30883926541891,8.49268531799316,3.57409402476648,45.5190717277329,60.5053742803775,38.1305773915203,37.7507799998107,52.2778895095481,,,,,,,,,,
,7.19999980926514,5.15290084793332,7.76747744682241,16.807771106806,29.9587116241455,16.6137549265095,15.6798810958862,11.7158506903004,0.253519952297211,0.232024438288964,8.49268531799316,6.29602475918952,41.5203460315326,68.4796567624754,23.3340540147043,23.1694575644828,75.1562461853027,,,,,,,,,,
,7.19999980926514,5.36929665244557,7.70870171114967,17.7704035564131,29.9587116241455,13.8912601647459,15.6798810958862,5.44100626533871,0.253519952297211,0.670251537791704,8.49268531799316,2.3726544709031,26.2803577015465,83.6801876086367,40.7390101613801,25.0391034578022,72.0373746759393,,,,,,,,,,
,7.19999980926514,4.71760093658922,8.14211463924369,15.7636866326248,29.9587116241455,30.7939833957814,15.6798810958862,6.50422508091457,0.253519952297211,0.382735198740038,8.49268531799316,3.76016033572799,46.0361708269751,61.8627679421174,28.2040144638407,32.0012612935992,77.1968940402079,,,,,,,,,,
,,,,,,,,,,,,,,,,,,,,,,,,,,,
ID-014,,,,,,,,,,,,,,,,,,,,,,,,,,,
,,,,,,,,,,,,,,,,,,,,,,,,,,,
,7.40000009536743,5.50019973562135,7.78987015316238,19.2295096586896,16.424072265625,8.82723741789141,3.68987202644348,3.97034410944424,0.705820739269257,0.656703108869396,1.91820442676544,1.60622249830852,44.2123485973903,46.9988180135752,45.8640234439404,56.5491550433171,43.6730155139774,,,,,,,,,,
,7.40000009536743,5.55546829690391,7.97832682970866,19.8159772420434,16.424072265625,9.93780248117056,3.68987202644348,3.17241098617729,0.705820739269257,0.619983402173207,1.91820442676544,1.73944307152235,47.0006593285537,40.8985846790841,43.8087790326374,57.7101711986511,46.5090524316803,,,,,,,,,,
,7.40000009536743,5.1387257823098,8.88622578818563,20.6832370942331,16.424072265625,13.2011392163,3.68987202644348,2.57044136460747,0.705820739269257,0.803644114758699,1.91820442676544,1.33141628505721,44.0322934366042,44.0068536450786,54.7902506612962,65.8509730862033,42.0082180453885,,,,,,,,,,
,7.40000009536743,5.49554534460735,8.38292560548841,20.2506456694557,16.424072265625,12.728051899035,3.68987202644348,2.72358171636037,0.705820739269257,0.736621599530131,1.91820442676544,1.65854148050052,46.8093124377303,40.4114947550505,61.5288440309296,70.2302777682307,38.2122649220587,,,,,,,,,,
,7.40000009536743,5.81167314932955,7.96178800525014,19.2658075424151,16.424072265625,9.41554258787128,3.68987202644348,2.64646951275348,0.705820739269257,0.758538183706862,1.91820442676544,1.41359593925544,54.7948186497858,50.4807230754963,63.6907129133403,61.0760159970873,48.1796321868896,,,,,,,,,,
,7.40000009536743,5.18041359557088,8.88691758470887,19.5137189616448,16.424072265625,16.594729775173,3.68987202644348,3.29455629539217,0.705820739269257,0.645738393939272,1.91820442676544,1.8139928237398,61.3390134339957,44.7240710096714,57.5904270412464,51.8451830196843,57.2347796845321,,,,,,,,,,
,7.40000009536743,5.45046145716664,8.78768815749707,17.9791624383834,16.424072265625,14.4298284939477,3.68987202644348,2.48960449316779,0.705820739269257,0.808410741972385,1.91820442676544,1.41014768475073,59.5323659829388,40.4628248368046,65.4758561125139,58.3959653737844,51.5128359533966,,,,,,,,,,
,7.40000009536743,5.03367315386952,9.14264552192373,20.0029852275538,16.424072265625,14.5710196991509,3.68987202644348,2.27294507510291,0.705820739269257,0.884152613405287,1.91820442676544,1.25544735211569,56.8133768965558,50.5252270396163,79.5163764767531,63.0239950474685,46.88218215074,,,,,,,,,,
,,,,,,,,,,,,,,,,,,,,,,,,,,,
ID-015,,,,,,,,,,,,,,,,,,,,,,,,,,,
,,,,,,,,,,,,,,,,,,,,,,,,,,,
,8.89999961853027,4.4760468355866,7.72388371290407,22.1376785100064,1.33836483955383,1.19193602680197,1.94974088668823,2.02482620582828,2.58398675918579,2.40816474561931,0.794823229312897,0.589576396442623,30.0199343383986,74.6237751185798,87.7164424347762,29.6961703107892,30.3619989570778,,,,,,,,,,
,8.89999961853027,4.38854093201852,7.10709469709497,21.7584896199545,1.33836483955383,1.64395597591925,1.94974088668823,1.92216609573958,2.58398675918579,2.25049622632718,0.794823229312897,0.515662625045497,26.7144890505085,82.7436389953711,98.5377279192831,28.8399924007312,27.7366542448776,,,,,,,,,,
,8.89999961853027,4.42946900570146,7.10420667137365,22.202960265907,1.33836483955383,0.846790300356564,1.94974088668823,2.48301027861233,2.58398675918579,1.08111041665265,0.794823229312897,0.925266074697434,27.0351581573486,82.9648361206055,97.525260925293,28.6099224090576,28.6754837036133,,,,,,,,,,
,8.89999961853027,4.91917949313536,7.14894551171703,21.1867020623805,1.33836483955383,1.13766943522944,1.94974088668823,2.29321297303511,2.58398675918579,1.48941858705036,0.794823229312897,0.754240299456592,25.8891285046553,83.0023531913757,98.392638475467,29.8328291911345,28.766896706361,,,,,,,,,,
,8.89999961853027,5.04454006535884,8.30953364603789,22.1029967223069,1.33836483955383,1.66350355164841,1.94974088668823,0.993916035481048,2.58398675918579,4.46989842773631,0.794823229312897,0.344730428760421,20.6632053210185,73.9837259268149,93.7585600950779,50.8901881927099,23.1228978542181,,,,,,,,,,
,8.89999961853027,4.46679032844112,7.49563225943036,21.6468564518958,1.33836483955383,1.03070224050938,1.94974088668823,1.39477189467319,2.58398675918579,3.54221582637488,0.794823229312897,0.709210624289731,28.9776254284766,80.6698632394114,74.5505159685689,49.947407187185,35.5830901299753,,,,,,,,,,
,8.89999961853027,4.44489407837103,7.04781059324834,22.3580674080059,1.33836483955383,1.11097290527094,1.94974088668823,1.96499051983629,2.58398675918579,1.15461945413779,0.794823229312897,0.873429395714315,29.5704359908739,80.4295604332301,71.5205985569839,49.1917755714772,39.2366693658967,,,,,,,,,,
,8.89999961853027,4.44489407837103,7.04781059324834,22.3580674080059,1.33836483955383,1.11097290527094,1.94974088668823,1.96499051983629,2.58398675918579,1.15461945413779,0.794823229312897,0.873429395714315,29.5704359908739,80.4295604332301,71.5205985569839,49.1917755714772,39.2366693658967,,,,,,,,,,
,,,,,,,,,,,,,,,,,,,,,,,,,,,
ID-019,,,,,,,,,,,,,,,,,,,,,,,,,,,
,,,,,,,,,,,,,,,,,,,,,,,,,,,
,10.8999996185303,5.0060417473157,7.09331866340244,15.8290383444592,0.273147851228714,0.231304517599196,5.24226140975952,7.10111490225536,0.4254010617733,0.476532870345981,2.3507227897644,2.62294212205174,47.2477728082986,61.3569477750116,37.7902814780125,24.8194573178104,49.9649343280634,,,,1.49090810737107e-05,0.190757364034653,0.177899509155022,0.417768792389228,0.275233956431322,0.119459857787313,10.4887895584106
,10.8999996185303,4.97621078682253,7.09301753740248,18.2429282881913,0.273147851228714,0.350957935749736,5.24226140975952,4.59959820168062,0.4254010617733,0.670845354021608,2.3507227897644,1.99122269267795,45.0432351325923,58.0450382301435,51.7503580302061,31.2769285077532,48.0595461531731,,,,0.0101211151543002,0.190757364034653,0.29791531663065,0.363225050406469,0.28749560600923,0.181405688789109,10.4887895584106
,10.8999996185303,4.76979449540089,7.22444672068162,16.636176861902,0.273147851228714,0.243909404718174,5.24226140975952,9.31883140483631,0.4254010617733,0.546435548233767,2.3507227897644,2.17723687488892,43.9903553490653,65.0300309865382,61.6148314672752,33.6410647640956,51.7805482471988,,,,0.0228991314350722,0.190757364034653,0.1703270936321,0.476961597674322,0.186998092793133,0.108158042366955,10.4887895584106
,10.8999996185303,4.86814082442225,7.16013240714175,16.6993209173734,0.273147851228714,0.272022974066967,5.24226140975952,6.75599406512302,0.4254010617733,0.478178135364053,2.3507227897644,2.27059663585629,39.78035769474,70.2196464367279,51.1631815134887,26.7607504873705,69.3730040430933,,,,0.0238085035691462,0.190757364034653,0.178668714055604,0.43800658383469,0.266575341089092,0.124037097503869,10.4887895584106
,10.8999996185303,4.46593066462858,7.33693108273187,17.1539542076537,0.273147851228714,0.245294764525811,5.24226140975952,6.78955371807203,0.4254010617733,0.649387871769522,2.3507227897644,1.79789977426943,33.4908740671687,76.3675059696176,56.5620231122291,25.8197200610109,78.8366732088863,,,,0.0299346867642988,0.190757364034653,0.215742496080457,0.447765885642875,0.202061283329365,0.132251903771784,10.4887895584106
,10.8999996185303,4.71197709217956,7.42888871705615,17.4153239467057,0.273147851228714,0.286639190516726,5.24226140975952,5.76079075647873,0.4254010617733,0.671919512243769,2.3507227897644,1.75194475574276,35.1802176152109,74.702511118421,64.2883117752743,27.0367514898684,82.5507473992539,,,,0.036862671443481,0.190757364034653,0.285949016517694,0.409263558449801,0.242311915583202,0.173836920484911,10.4887895584106
,10.8999996185303,4.88708824023806,7.19287460106405,17.1622389006004,0.273147851228714,0.211537738258507,5.24226140975952,5.72652519484047,0.4254010617733,0.779420779734325,2.3507227897644,1.53933803349327,42.9496836730615,67.0473602421034,68.9155189280262,28.9829345676011,80.371741333693,,,,0.0555886687865934,0.190757364034653,0.228634545994683,0.469314631336124,0.189600343098346,0.142808360849791,10.4887895584106
,10.8999996185303,4.53726101098087,7.02687285587941,16.0598708741894,0.273147851228714,0.258073793318864,5.24226140975952,5.6805411630815,0.4254010617733,0.757197176210904,2.3507227897644,1.76563518097993,38.8993912787986,71.0696983103614,69.9020052742351,27.1752931289998,82.8059561829222,,,,0.0714013314155342,0.190757364034653,0.268894219502604,0.445045104978279,0.219194688330736,0.16191718332918,10.4887895584106
,,,,,,,,,,,,,,,,,,,,,,,,,,,
ID-023,,,,,,,,,,,,,,,,,,,,,,,,,,,
,,,,,,,,,,,,,,,,,,,,,,,,,,,
,10.8999996185303,5.14953950941084,7.56522936456568,17.8914031257811,0.283744871616364,0.319502507055457,3.35022497177124,6.01202498568143,0.473168969154358,0.718929740091076,2.11340999603271,1.55093440151977,35.5135715945755,59.8522635404163,44.8465252587525,37.1652209133957,35.5228230698366,,,,0.0231988971791862,0.298487424850464,0.256553388613621,0.445684594712641,0.214613359147116,0.161034258736619,10.3296575546265
,10.8999996185303,5.24369911354043,7.66244054229303,18.0097917719636,0.283744871616364,0.312976695489803,3.35022497177124,7.68976751757733,0.473168969154358,0.838317925101102,2.11340999603271,1.87255933365788,31.3390767717244,71.3797033684923,57.0347367546912,39.1984821621314,33.2196056200377,,,,0.0545938057067199,0.298487424850464,0.324976250802524,0.426180335431537,0.225244699460081,0.198406014352136,10.3296575546265
,10.8999996185303,5.06238497140818,7.11790802031144,16.5033900555684,0.283744871616364,0.305941107127326,3.35022497177124,6.68477197443224,0.473168969154358,0.734543482222219,2.11340999603271,1.88426234326679,34.1505611147757,74.7870647986286,47.752196547912,31.9370968307845,54.504115255576,,,,0.0659003995768481,0.298487424850464,0.279459575829185,0.427760295762193,0.222711980069476,0.168943607337489,10.3296575546265
,10.8999996185303,5.0379387900837,8.82189318155833,21.0393630687804,0.283744871616364,0.496007402590139,3.35022497177124,2.59376516604076,0.473168969154358,1.72069483477583,2.11340999603271,0.79051258245607,26.5588227456579,78.4057292625306,82.4920944305992,53.3853824409328,41.2011808488635,,,,0.151547949778834,0.298487424850464,0.803713131850121,0.32210098983444,0.200185913177462,0.340642928259028,10.3296575546265
,10.8999996185303,4.98531418120249,7.00132563725733,17.2500575412014,0.283744871616364,0.224899006080549,3.35022497177124,7.01461533710643,0.473168969154358,0.760712697265206,2.11340999603271,1.84086319433269,20.3087807366572,88.2359739269377,67.8310888434879,59.0128233157121,42.9627207688177,,,,0.274747850602406,0.298487424850464,0.245748378416238,0.497297396037958,0.190301796331316,0.145471918557019,10.3296575546265
,10.8999996185303,5.31788052126024,8.25783158371567,17.3618697011596,0.283744871616364,0.456302025535289,3.35022497177124,4.29531561300736,0.473168969154358,1.40698279648702,2.11340999603271,1.00359197225418,19.227508347823,89.1584042163181,46.4909525704569,56.5898435901664,50.2789233319073,,,,0.362916615411378,0.298487424850464,0.529704003641838,0.407482219125973,0.178898635497545,0.266484427215499,10.3296575546265
,10.8999996185303,5.28035795264095,8.86241373948314,17.4757368072077,0.283744871616364,0.39023961321708,3.35022497177124,2.0314648580448,0.473168969154358,1.23955012206903,2.11340999603271,1.00721623220639,27.8980011409917,78.5989650996081,48.2835467618771,74.5243206307745,35.2507783055352,,,,0.451363149149044,0.298487424850464,0.615025377914054,0.274452084867736,0.277752215423818,0.317505122123471,10.3296575546265
,10.8999996185303,5.05923433066359,7.83794628033248,18.3869043725549,0.283744871616364,0.182375762314866,3.35022497177124,3.45825250251996,0.473168969154358,0.928385951550246,2.11340999603271,2.04478932050899,24.5381965519832,66.8273978075267,76.30994561214,95.4592307133347,14.4511947639358,,,,0.571235238729058,0.298487424850464,0.510135681806233,0.245609360861787,0.341537678040483,0.240786654492263,10.3296575546265
,,,,,,,,,,,,,,,,,,,,,,,,,,,
ID-026,,,,,,,,,,,,,,,,,,,,,,,,,,,
,,,,,,,,,,,,,,,,,,,,,,,,,,,
,10.3000001907349,4.96344571792884,7.82281107250014,16.3740631105493,0.661663293838501,0.420907880422926,5.37602758407593,5.12768769964965,0.385263323783875,0.493298714958657,2.59562730789185,2.51960935859277,54.5454619879599,48.7525114563983,35.1796873078743,34.2987929263766,54.5454619879599,,,,0.000610943987421952,0.186010956764221,0.228247770639725,0.326046011917163,0.310499774397767,0.120087269713097,10.0224637985229
,10.3000001907349,4.72950169712784,7.15438802141826,16.0336943404907,0.661663293838501,0.371044864682699,5.37602758407593,4.95006486591225,0.385263323783875,0.585793091007701,2.59562730789185,1.94086590092432,47.6991986309766,61.8021403495864,47.9515188786005,38.5991597035982,51.626180621273,,,,0.00882789616776505,0.186010956764221,0.241915861529371,0.362650777663462,0.23051839290172,0.115812923459106,10.0224637985229
,10.3000001907349,4.96137033386912,8.16140617198587,18.1529804979849,0.661663293838501,0.59024567122114,5.37602758407593,6.84082927611885,0.385263323783875,0.45968561232993,2.59562730789185,2.71401520635409,41.0801523895201,68.79268304844,51.8364725138936,36.2111591932979,59.1871829353423,,,,0.017636013181212,0.186010956764221,0.192298297292362,0.378026125344149,0.254637361743702,0.0873858190053051,10.0224637985229
,10.3000001907349,4.6520226373309,7.2983169479867,17.0802960567968,0.661663293838501,0.307396692999492,5.37602758407593,3.77417540356078,0.385263323783875,0.890234753916952,2.59562730789185,1.26031560362866,33.7424299982457,75.7930345527895,70.3127720761743,45.1793095601221,59.8845719162764,,,,0.0415537606904285,0.186010956764221,0.352644764776681,0.281225588274767,0.129002382325171,0.10827213071404,10.0224637985229
,10.3000001907349,4.78035945821852,7.15583603401937,16.2110295630116,0.661663293838501,0.257967770304738,5.37602758407593,6.4526241573564,0.385263323783875,0.531671343238528,2.59562730789185,2.20642192436733,25.5305450849188,84.4187390356424,74.7550700724635,43.5539381534003,61.6817069893015,,,,0.0619331075041306,0.186010956764221,0.202586667032528,0.397421379528278,0.203435104945528,0.0900034992695437,10.0224637985229
,10.3000001907349,4.77405133105406,7.17469587958834,17.4660448963625,0.661663293838501,0.163241613965019,5.37602758407593,3.09003777342195,0.385263323783875,0.849992309851735,2.59562730789185,1.27514018230722,34.1059109572682,75.8940917817464,78.9049376933991,47.663308708701,61.7787451999098,,,,0.0799361779519999,0.186010956764221,0.391916410846817,0.170622267742834,0.102624736798229,0.0647427160579496,10.0224637985229
,10.3000001907349,4.69491763604713,7.33936421895027,18.5418337043613,0.661663293838501,0.391226850028865,5.37602758407593,3.50538039565391,0.385263323783875,1.17494332659585,2.59562730789185,1.14808418074298,27.3440683018933,82.5994124266028,77.6542919138875,44.8295682563582,59.861204006098,,,,0.112232096462123,0.186010956764221,0.429982037943429,0.349670910138588,0.164224853852561,0.182631643596353,10.0224637985229
,10.3000001907349,5.03131609121303,7.28753835672911,16.3354509545747,0.661663293838501,0.342619764469132,5.37602758407593,9.27543351298945,0.385263323783875,0.394631337554512,2.59562730789185,2.99893299032424,17.9001899209465,92.099809517854,61.522143624458,22.6694497908164,79.3682743588358,,,,0.151955001888993,0.186010956764221,0.126225620487511,0.491036929934125,0.2366812117282,0.090561628431439,10.0224637985229
,,,,,,,,,,,,,,,,,,,,,,,,,,,
ID-028,,,,,,,,,,,,,,,,,,,,,,,,,,,
,,,,,,,,,,,,,,,,,,,,,,,,,,,
,9.0,5.68935265916579,8.77367859327093,24.4787564869056,1.15281641483307,1.77146402369104,8.65643215179443,6.06901296025001,0.126700282096863,0.297960638658764,7.8926420211792,4.8021590078167,42.0848752885952,42.2570009507581,49.6940210055149,51.2111675748252,42.0848752885952,,,,0.00063229468598292,0.115521036088467,0.206573252150449,0.178534160559905,0.58428368696055,0.148513351451268,9.07130146026611
,9.0,5.24011513548273,8.23219075253888,20.6981180564313,1.15281641483307,1.77292448825867,8.65643215179443,8.81909199844057,0.126700282096863,0.153951540588934,7.8926420211792,7.20891709930156,61.6171696382709,31.9685444657569,14.3210935193359,50.4480851084729,58.4630576938128,,,,0.000752532796468586,0.115521036088467,0.118724715195676,0.156851362342754,0.665294580313626,0.0969392624787977,9.07130146026611
,9.0,5.8191431147352,8.69780564058015,23.3908413510037,1.15281641483307,1.45085500350493,8.65643215179443,8.31486055970259,0.126700282096863,0.174341682864429,7.8926420211792,7.08494665619718,74.927520165966,15.1776017063991,10.5910894368542,44.9763984108784,64.8972004779765,,,,0.000752532796468585,0.115521036088467,0.140128428399765,0.137081500219102,0.692413082481141,0.112871374416201,9.07130146026611
,9.0,5.39198314163279,8.70623745118436,23.9957413352002,1.15281641483307,2.68262723054773,8.65643215179443,6.25923500468623,0.126700282096863,0.273114521234754,7.8926420211792,4.91424284806454,72.1072282147189,32.9371168486611,47.1927225365963,45.3695645640269,63.6520472464774,,,,0.000752532796468586,0.115521036088467,0.188113699064884,0.186130825933799,0.592375083233417,0.14016210145599,9.07130146026611
,9.0,5.5636285625329,8.38782878561089,21.7646104651363,1.15281641483307,1.958515263271,8.65643215179443,5.83916957625974,0.126700282096863,0.293521274520736,7.8926420211792,4.18727935394598,63.5555364656842,46.3872540008321,54.9709947115685,45.8275757690606,63.2877071294411,,,,0.000752532796468586,0.115521036088467,0.192008541331366,0.228358442800166,0.533483322553157,0.142336220080081,9.07130146026611
,9.0,5.91439867970135,7.73977387761866,18.2595127064213,1.15281641483307,2.52594131178535,8.65643215179443,5.72398479204101,0.126700282096863,0.263190252002348,7.8926420211792,4.41922457812179,67.2397019013011,38.5397090393165,34.1382579307208,50.120562128309,59.719780386559,,,,0.000752532796468586,0.115521036088467,0.190675662505281,0.186503655647941,0.59002160864935,0.145670027410795,9.07130146026611
,9.0,5.04985897451733,8.03298268164863,21.0185263167788,1.15281641483307,1.74586429231842,8.65643215179443,5.79022739802374,0.126700282096863,0.278347764268854,7.8926420211792,4.33543696671466,72.376055873777,32.6323014634495,23.7267136578083,45.5200066748346,63.9314121207149,,,,0.000752532796468586,0.115521036088467,0.191124309019739,0.203784799121147,0.566278185673429,0.143806718971368,9.07130146026611
,9.0,5.70041515753202,8.54042172252065,24.4264105444796,1.15281641483307,2.7750726077126,8.65643215179443,6.25024723417665,0.126700282096863,0.279688061693944,7.8926420211792,4.76998141474709,84.1416115994274,19.8905183992093,14.000203101559,32.7651162862588,77.0406306633491,,,,0.0010233554982483,0.115521036088467,0.188311493209922,0.197121464554169,0.587102889854837,0.140851773411118,9.07130146026611
,,,,,,,,,,,,,,,,,,,,,,,,,,,
ID-030,,,,,,,,,,,,,,,,,,,,,,,,,,,
,,,,,,,,,,,,,,,,,,,,,,,,,,,
,8.10000038146973,6.27296977450114,9.78703041801898,20.6437591965051,3.5854434967041,3.69505048328544,0.678437948226929,0.690263848459542,2.17433381080627,2.13151452341334,0.459910959005356,0.48060567211261,55.9258651950285,35.9222355230582,33.168282100912,33.3803229384988,55.9258651950285,,,,0.0588064923009959,1.47397410869598,1.48227621736177,0.109765202467351,0.251483086107205,0.529372285186271,9.77648735046387
,8.10000038146973,6.29511313227802,8.88294629871928,18.7142100541856,3.5854434967041,4.04959750885335,0.678437948226929,0.713285219791069,2.17433381080627,2.14286494189243,0.459910959005356,0.477951085654015,58.3987871703692,40.0267989338259,33.9063651360376,33.076082651381,58.3987871703692,,,,0.17978634381339,1.47397410869598,1.43165630563156,0.125408019168008,0.255020400219022,0.537992533604382,9.77648735046387
,8.10000038146973,6.31986325159997,9.89972394951534,19.8995108641164,3.5854434967041,6.76544106766987,0.678437948226929,0.801610131133634,2.17433381080627,1.75534905417726,0.459910959005356,0.594997969820217,65.4318421683667,31.1512592980418,34.2376016715146,38.8456243195197,65.4318421683667,,,,0.295911350934657,1.47397410869598,1.28465678620045,0.104291753508475,0.297700818473115,0.508090858629166,9.77648735046387
,8.10000038146973,6.06095260664541,9.42280691092264,21.8557693310816,3.5854434967041,3.85548357410154,0.678437948226929,0.708845805973317,2.17433381080627,2.25421289212951,0.459910959005356,0.460074288575207,59.1426666157335,36.1866172791572,42.516082156345,46.7231090336597,58.9183823457975,,,,0.446433969765725,1.47397410869598,1.4926826170694,0.129585318982435,0.244574922477166,0.539182314146781,9.77648735046387
,8.10000038146973,6.13827476608107,10.7209166548121,18.3726209433617,3.5854434967041,5.96989922580205,0.678437948226929,0.682732628528397,2.17433381080627,2.19856631613164,0.459910959005356,0.475487425969969,48.7344712706135,43.7395253938024,57.4357265972611,60.0438239719057,47.7124609796899,,,,0.627058286435453,1.47397410869598,1.53358981813933,0.110363419285964,0.254736773777921,0.544483788079316,9.77648735046387
,8.10000038146973,6.64203891691681,8.56839315240414,19.2815447904394,3.5854434967041,3.28381752214208,0.678437948226929,0.644573609424072,2.17433381080627,2.2933846821644,0.459910959005356,0.451012564484267,46.9773848271162,47.3338687904982,66.423762933532,66.3013376066075,42.9563692474882,,,,0.793971804135467,1.47397410869598,1.59121498005903,0.107245692351218,0.25009650127193,0.559178204914456,9.77648735046387
,8.10000038146973,6.64203891691681,8.56839315240414,19.2815447904394,3.5854434967041,3.28381752214208,0.678437948226929,0.644573609424072,2.17433381080627,2.2933846821644,0.459910959005356,0.451012564484267,46.9773848271162,47.3338687904982,66.423762933532,66.3013376066075,42.9563692474882,,,,,,,,,,
,8.10000038146973,6.64203891691681,8.56839315240414,19.2815447904394,3.5854434967041,3.28381752214208,0.678437948226929,0.644573609424072,2.17433381080627,2.2933846821644,0.459910959005356,0.451012564484267,46.9773848271162,47.3338687904982,66.423762933532,66.3013376066075,42.9563692474882,,,,,,,,,,
,,,,,,,,,,,,,,,,,,,,,,,,,,,
ID-034,,,,,,,,,,,,,,,,,,,,,,,,,,,
,,,,,,,,,,,,,,,,,,,,,,,,,,,
,10.1000003814697,4.758829541656,7.2024927695742,16.2503725304705,0.247631892561913,0.445598944094509,11.9843673706055,10.8075899805684,0.387192785739899,0.372518301717876,2.58269262313843,3.19105656590744,52.5069969496442,40.4342030030028,34.5991281190956,32.1596950328305,52.5069969496442,,,,0.00428177556023001,0.0834420323371887,0.135391987595978,0.47262012721912,0.244031487013637,0.095509967833622,9.73445987701416
,10.1000003814697,4.83789356460228,7.07365616473095,17.2371773842788,0.247631892561913,0.480855954771219,11.9843673706055,8.69796463329431,0.387192785739899,0.57395282295398,2.58269262313843,2.43404799016628,60.7433065939807,44.5678275379879,38.7187828833822,31.9742603410773,63.0480168491293,,,,0.0120265137224468,0.0834420323371887,0.187916964246737,0.440742327369488,0.234837866182098,0.12205222772305,9.73445987701416
,10.1000003814697,4.95914846385104,7.71037233159365,17.1952849914806,0.247631892561913,0.513247446360108,11.9843673706055,4.2041793033381,0.387192785739899,0.749206304886344,2.58269262313843,1.59850774968527,51.2233874468679,47.1423008429774,60.8294442086688,47.0432535722961,52.8220537354892,,,,0.0367308685479912,0.0834420323371887,0.345735703137591,0.356992740577325,0.279372570285005,0.210307682383184,9.73445987701416
,10.1000003814697,5.01414931009666,7.74251641066526,18.4891939114865,0.247631892561913,0.606681949167369,11.9843673706055,2.90121846732178,0.387192785739899,1.09726812227697,2.58269262313843,1.12562975224498,43.0941692280211,43.5752579945458,88.6386882950662,67.5523954110037,40.3435601924518,,,,0.0896715684234002,0.0834420323371887,0.480831579931228,0.327582643839927,0.231496701686347,0.251426682262157,9.73445987701416
,10.1000003814697,4.5673455025461,7.21291619044592,18.3817558910377,0.247631892561913,0.764962525616868,11.9843673706055,4.35441552650405,0.387192785739899,1.07829130251744,2.58269262313843,1.1597022445859,36.599418767004,58.0470168201249,79.7258671641194,68.2008053585088,30.9116510115313,,,,0.176198348310582,0.0834420323371887,0.39262023893094,0.386834397146526,0.19279003193403,0.207152783002351,9.73445987701416
,10.1000003814697,4.74569231090324,7.29939199726518,16.4667426043978,0.247631892561913,0.565950905992179,11.9843673706055,5.57440910123595,0.387192785739899,0.98980167169495,2.58269262313843,1.69126157482081,46.2696256865286,61.3804458956514,59.1550597531352,49.8106229208318,56.2558455824206,,,,0.251881013402469,0.0834420323371887,0.376133473751555,0.428497443797664,0.210244597806698,0.190692432558471,9.73445987701416
,10.1000003814697,4.9574188436327,7.11609610616194,18.128423335671,0.247631892561913,0.718808550750072,11.9843673706055,6.27704338447642,0.387192785739899,0.595707528634478,2.58269262313843,2.36386011592972,53.7034270685615,56.2744826371807,39.6981396697686,22.9171734673564,84.6752882118488,,,,0.285375965071986,0.0834420323371887,0.234217272771891,0.401292650479874,0.279806767072736,0.151838239820742,9.73445987701416
,10.1000003814697,5.09279282276786,7.31690782179215,16.9014529941922,0.247631892561913,1.18194948575245,11.9843673706055,3.83636939933117,0.387192785739899,0.676999637093586,2.58269262313843,1.67256074525284,58.3546509310037,50.5441064366659,39.5668054756541,24.824427112162,85.1755730080667,,,,0.306822790842891,0.0834420323371887,0.369384780802575,0.304449667678513,0.327607230428528,0.219884023190032,9.73445987701416
