BEFORE,IAPF (Hz.),Theta peak frequency (Hz.),Alpha peak frequency (Hz.),Beta peak frequency (Hz.),Baseline Alpha Gravity (Alpha1 / Alpha2 Power),Alpha Gravity (Alpha1 / Alpha2 Power),Baseline Fatigue score (Alpha /Theta /Beta Power),Fatigue score (Alpha /Theta /Beta Power),Baseline Concentration index (Beta/ Alpha Power),Concentration Index (Beta/ Alpha Power),Baseline Relaxation index (Alpha /Beta Power),Relaxation index  (Alpha /Beta Power),Chill %,Stress %,Focus %,Anger %,Self-control %,Unnamed: 20,Unnamed: 21,Unnamed: 22,Unnamed: 23,Unnamed: 24,Unnamed: 25,Unnamed: 26,Unnamed: 27,Unnamed: 28,Unnamed: 29
ID-001,,,,,,,,,,,,,,,,,,,,,,,,,,,
,,,,,,,,,,,,,,,,,,,,,,,,,,,
,9.60000038146973,5.46733601903534,9.62370238680265,20.0008767913819,1.46082675457001,1.65542990815353,2.79500389099121,0.87434937831092,2.91350865364075,3.15997944948386,1.3492751121521,0.612622871208671,34.5971702941895,42.8477480529785,55.6441612976074,66.3882572143555,35.4646439239502,,,,,,,,,,
,9.60000038146973,4.84092637776947,9.93484328304286,19.1722592925263,1.46082675457001,1.93884415946674,2.79500389099121,1.07814058629108,2.91350865364075,1.77351884010409,1.3492751121521,0.828447233188038,36.1435080688477,29.3793446990967,53.4186589660645,77.7164739990234,30.3487999694824,,,,,,,,,,
,9.60000038146973,4.72189761479949,9.70423522880553,18.7455696749878,1.46082675457001,1.13567549857378,2.79500389099121,2.09751064222527,2.91350865364075,0.841524547413335,1.3492751121521,1.72152471968865,56.942350189209,17.153617364502,37.4616636779785,62.728534954834,47.1118380004883,,,,,,,,,,
,9.60000038146973,5.4447556279871,9.67634653542367,20.0135702617786,1.46082675457001,1.27398457638705,2.79500389099121,2.104426141307,2.91350865364075,0.846684986456928,1.3492751121521,1.85976125670579,62.9063032351363,12.38299266218,34.6406426810609,56.8029434155351,52.9939864831991,,,,,,,,,,
,9.60000038146973,5.29887197901917,10.0763167445526,18.6994143424835,1.46082675457001,1.71956430197143,2.79500389099121,1.5953112755599,2.91350865364075,2.04629245911263,1.3492751121521,1.2606759963373,58.5850529602051,16.9795283180237,49.1148375030518,60.9727219604492,48.6129761108398,,,,,,,,,,
,9.60000038146973,5.67214171958577,9.89301756467788,19.4703647622486,1.46082675457001,1.52008789268648,2.79500389099121,1.75959099595287,2.91350865364075,1.1850103850449,1.3492751121521,1.44575060277703,60.9208684058706,26.4689611507829,50.972021607077,58.789333228093,51.1078737465439,,,,,,,,,,
,9.60000038146973,5.79544628687502,9.92116374226284,19.7360577149798,1.46082675457001,1.83939440534451,2.79500389099121,1.82157380522829,2.91350865364075,0.870899583133785,1.3492751121521,1.66302376173712,60.4977011152485,16.2111628166554,50.5160322296485,59.502302821911,50.2859103415598,,,,,,,,,,
,9.60000038146973,5.70055312355233,9.72141632175134,19.4316912675441,1.46082675457001,1.47081375844321,2.79500389099121,2.91223986789585,2.91350865364075,0.69489359426631,1.3492751121521,2.47895448132296,76.0533293083166,12.9372162420267,41.0066621050574,43.9466717465514,65.7927843995416,,,,,,,,,,
,,,,,,,,,,,,,,,,,,,,,,,,,,,
ID-003,,,,,,,,,,,,,,,,,,,,,,,,,,,
,,,,,,,,,,,,,,,,,,,,,,,,,,,
,9.80000019073486,5.23974108036803,8.79524872241695,16.7508477775134,1.90427672863007,1.0156340947427,3.54090929031372,3.50539522981482,0.706707179546356,0.567383830379919,2.05388188362122,1.80901969448161,48.8577379849558,53.7021418473039,40.2352160536093,34.9437773651278,49.8243166734724,,,,,,,,,,
,9.80000019073486,5.0982676478508,8.31142422753158,16.3772491324067,1.90427672863007,0.804950942778925,3.54090929031372,4.41324649803967,0.706707179546356,0.490195892998319,2.05388188362122,2.28106914829125,54.1430624181574,55.6753028330177,36.7766305300523,27.0853914138845,65.3560680042614,,,,,,,,,,
,9.80000019073486,5.15153280145982,8.80380672520556,16.1868957990917,1.90427672863007,0.790308395130791,3.54090929031372,3.89588266835893,0.706707179546356,0.464850474803642,2.05388188362122,2.28472226246465,72.4714641410764,37.3151064319771,33.6792916209758,32.1922424412575,77.5912829230813,,,,,,,,,,
,9.80000019073486,5.19635642100831,8.36425340938416,15.82209636068,1.90427672863007,0.739613607587742,3.54090929031372,3.76454519334072,0.706707179546356,0.513294804565662,2.05388188362122,2.17848170035897,79.2460936340126,30.7375575787312,39.4217280052804,29.2993553748002,80.6139306248845,,,,,,,,,,
,9.80000019073486,5.24672910538006,8.99283445697971,16.1134113898482,1.90427672863007,1.08549821848654,3.54090929031372,4.20623649543742,0.706707179546356,0.514199218538696,2.05388188362122,2.09389319832608,77.7267235210508,32.2732794101422,47.6888146225027,26.6913701826115,83.261139630474,,,,,,,,,,
,9.80000019073486,5.846424731371,8.02074751525427,15.4945033819297,1.90427672863007,0.840154642802612,3.54090929031372,3.12340095036005,0.706707179546356,0.63681799158853,2.05388188362122,1.74245384070985,68.3495939184591,41.6465538943492,66.8046611734856,34.3182092239227,75.6814191429113,,,,,,,,,,
,9.80000019073486,5.82537734734427,8.47580374374008,16.1267022599058,1.90427672863007,0.958728512735331,3.54090929031372,2.96779173213011,0.706707179546356,0.625831278667437,2.05388188362122,1.77057243114801,74.7051045116031,35.1050719601652,64.6654927210154,35.1993551883601,74.7653910448103,,,,,,,,,,
,9.80000019073486,6.46620874959611,8.0077104314008,16.2714478230073,1.90427672863007,0.891334787306156,3.54090929031372,3.18528188118428,0.706707179546356,0.517262973967528,2.05388188362122,1.98918394880263,89.0641971678044,20.801864694666,47.4306226402822,27.2105541357689,82.7524536466759,,,,,,,,,,
,,,,,,,,,,,,,,,,,,,,,,,,,,,
ID-006,,,,,,,,,,,,,,,,,,,,,,,,,,,
,,,,,,,,,,,,,,,,,,,,,,,,,,,
,9.5,5.10730844462809,7.20720508495084,16.4283910478127,0.754828333854675,0.575071420183436,9.07467174530029,9.1361045874549,0.427305668592453,0.410669134484283,3.38199281692505,3.27538621761461,56.3993717672715,50.3583448194737,51.6249729271723,40.4044527924118,61.4866405238408,,,,,,,,,,
,9.5,4.69771787830087,7.58721870881819,15.7651853958286,0.754828333854675,0.679295584524967,9.07467174530029,7.47832501992185,0.427305668592453,0.403234372826889,3.38199281692505,2.68246378930548,56.1436673450017,53.5676023903437,45.9614528045412,34.1084792202135,67.002879975526,,,,,,,,,,
,9.5,4.99130329059011,7.10340916376733,15.839475478026,0.754828333854675,0.63832167510691,9.07467174530029,7.5241856572602,0.427305668592453,0.419335923023512,3.38199281692505,2.49304167649569,52.0676754654678,57.9242866479955,42.8827848449514,26.1321360541369,76.8663069497541,,,,,,,,,,
,9.5,4.92080980061351,7.11610142469785,16.915258301162,0.754828333854675,0.771661567603921,9.07467174530029,9.04183713789036,0.427305668592453,0.384649315134118,3.38199281692505,3.31523317841266,58.9214448943947,51.0785570764315,34.1207463707297,18.4585525811947,83.3359714151373,,,,,,,,,,
,9.5,4.59940603080707,7.69013115476093,16.05712954595,0.754828333854675,0.814916299221832,9.07467174530029,7.583640251284,0.427305668592453,0.440848516706985,3.38199281692505,2.40385657240805,56.3298030268713,53.6701991908358,46.4412615506382,17.572190897913,50.3933149581837,,,,,,,,,,
,9.5,4.52734597313837,7.29888942249959,16.7927804725429,0.754828333854675,0.760519460614357,9.07467174530029,8.13815450512406,0.427305668592453,0.412272023673731,3.38199281692505,2.59052595187514,57.9414503209022,52.058551866673,43.8749435479042,19.3464703642738,44.6625955048331,,,,,,,,,,
,9.5,4.56737754130251,7.50144075506672,17.0218925775735,0.754828333854675,0.742676777483261,9.07467174530029,9.65685997581409,0.427305668592453,0.400989406229385,3.38199281692505,2.85088464323943,57.1075154405446,52.8924881270711,21.1147629187853,12.9857113826648,58.3432722588851,,,,,,,,,,
,9.5,4.99273146393551,7.46928749496526,16.7351453195213,0.754828333854675,0.85756230748331,9.07467174530029,8.1659575821589,0.427305668592453,0.383884918786715,3.38199281692505,2.83245139605626,56.8704256054726,53.1295777512199,53.6213294265771,35.9785041357104,68.3398676445887,,,,,,,,,,
,,,,,,,,,,,,,,,,,,,,,,,,,,,
ID-008,,,,,,,,,,,,,,,,,,,,,,,,,,,
,,,,,,,,,,,,,,,,,,,,,,,,,,,
,10.1000003814697,4.51715106504709,7.50225437923155,16.6853879704499,1.30739450454712,0.543843353196435,5.75942325592041,5.60831921083182,0.824673771858215,0.66886594246652,2.70349264144897,1.58336345882693,41.4890682481241,61.8285920366005,48.6404719875803,37.8508744474814,41.4890682481241,,,,,,,,,,
,10.1000003814697,4.72880731635791,7.06814649502942,17.5312628647781,1.30739450454712,0.447676675071953,5.75942325592041,4.37105458119114,0.824673771858215,0.791942739667973,2.70349264144897,1.46627072020037,39.6412821059014,64.0584991357888,54.138874983332,37.1020445550323,39.6412821059014,,,,,,,,,,
,10.1000003814697,4.58535725922106,8.08903667290242,17.253488116409,1.30739450454712,0.6142419266677,5.75942325592041,3.29440566392227,0.824673771858215,0.819753963953472,2.70349264144897,1.29659466241061,38.7936515443063,62.6503129925644,63.9226704221783,51.6454509570838,38.7936515443063,,,,,,,,,,
,10.1000003814697,5.02482135050984,8.71787078008698,19.3468243659627,1.30739450454712,0.887635066286325,5.75942325592041,3.99853994275965,0.824673771858215,0.635128202335207,2.70349264144897,1.80082531256825,52.552726946379,56.0902685624751,53.2979051142788,51.1781866386937,53.3460212476326,,,,,,,,,,
,10.1000003814697,5.36586487687449,8.52353891151318,17.603127193633,1.30739450454712,0.698259359310563,5.75942325592041,3.62136027453625,0.824673771858215,0.575656777101495,2.70349264144897,1.79938770174033,60.400027452478,48.9151179096847,47.8785465889402,48.3409334555718,60.1037827690379,,,,,,,,,,
,10.1000003814697,5.26859935666495,9.20690298720269,18.1324752361408,1.30739450454712,0.830165894149504,5.75942325592041,3.25440100904869,0.824673771858215,0.669185107493435,2.70349264144897,1.63416068950026,63.5324215002014,44.9469101000666,54.5512327609646,50.7599864165241,58.522541343313,,,,,,,,,,
,10.1000003814697,5.05335193302981,7.71727388450298,16.8428455603959,1.30739450454712,0.748380518189282,5.75942325592041,4.63954500218866,0.824673771858215,0.513367434350924,2.70349264144897,2.1334585309845,63.8748008885961,46.1252030658114,56.4564132325968,38.8121433531403,71.0653269700943,,,,,,,,,,
,10.1000003814697,4.49336463951761,9.04784230952048,19.1779379012327,1.30739450454712,0.611212747767807,5.75942325592041,4.08317255287223,0.824673771858215,0.682618761615482,2.70349264144897,1.64779727575507,67.5281239467062,42.4667245962058,66.8972704456111,38.7828245861515,70.8782960320734,,,,,,,,,,
,,,,,,,,,,,,,,,,,,,,,,,,,,,
ID-009,,,,,,,,,,,,,,,,,,,,,,,,,,,
,,,,,,,,,,,,,,,,,,,,,,,,,,,
,9.80000019073486,5.15819901711963,9.81230596186727,18.946195602417,1.30499148368835,0.990731624081781,2.65560436248779,2.48719372356465,0.808377623558044,1.75379240864371,2.40057492256165,1.8333036908764,57.4014357212794,52.3756860841477,65.5708884746335,38.1664362878704,56.5570494482748,,,,,,,,,,
,9.80000019073486,5.13763911678256,8.78071668184227,22.0435024692478,1.30499148368835,1.1060866030513,2.65560436248779,0.63669549394266,0.808377623558044,3.88038130320144,2.40057492256165,0.325370345019163,11.2418493010342,90.6219459392168,83.5623856877396,56.0325047845181,19.6747768717311,,,,,,,,,,
,9.80000019073486,5.42492386176096,10.2062449765284,21.2381243157072,1.30499148368835,1.93514818837904,2.65560436248779,0.670039501418873,0.808377623558044,5.12753149283742,2.40057492256165,0.364965829661986,5.11178368453182,62.0835710550776,91.0106187024653,83.5308316338141,8.36604211494228,,,,,,,,,,
,9.80000019073486,5.03613863113296,11.6292870094438,19.4333581517475,1.30499148368835,2.01841819130942,2.65560436248779,0.584481701955632,0.808377623558044,5.25732702709416,2.40057492256165,0.276868322624176,3.22761884812425,46.9225708926865,88.8370348234775,77.0630424549871,2.3817576509155,,,,,,,,,,
,9.80000019073486,5.29799331050714,10.7649516415596,19.175273390166,1.30499148368835,2.772045089522,2.65560436248779,0.741681857492267,0.808377623558044,3.10070033491702,2.40057492256165,0.490511714489876,17.2258813476563,35.2219602012634,66.9944072532654,66.1211575444539,15.6713135766983,,,,,,,,,,
,9.80000019073486,5.46797306394736,8.09084175363531,18.233200396175,1.30499148368835,1.35912156277634,2.65560436248779,2.22741134399165,0.808377623558044,1.54717138660126,2.40057492256165,0.944968766030482,26.061773569897,53.8826840461705,53.7579428997104,49.5446116579101,24.7176388506135,,,,,,,,,,
,9.80000019073486,5.407004966807,9.92090047034455,17.6094328855164,1.30499148368835,1.57340753659384,2.65560436248779,1.93049624264338,0.808377623558044,1.10419791804619,2.40057492256165,1.02518456514596,53.320796207409,56.1695421070206,32.7435572926282,31.1930558313778,64.6860759222685,,,,,,,,,,
,9.80000019073486,5.42136209738214,9.26296338554238,17.0769153069816,1.30499148368835,1.2774482125133,2.65560436248779,2.08179589835114,0.808377623558044,1.01334988249103,2.40057492256165,1.06309982334556,61.3252287512998,48.6503866518851,24.7042068373721,21.4400204709202,86.8613728368005,,,,,,,,,,
,,,,,,,,,,,,,,,,,,,,,,,,,,,
ID-017,,,,,,,,,,,,,,,,,,,,,,,,,,,
,,,,,,,,,,,,,,,,,,,,,,,,,,,
,9.39999961853027,4.75850811418978,9.16723789477427,17.6598349164142,2.5242395401001,1.91038704838181,3.06921815872192,2.57736817361082,0.88957953453064,0.903514931264621,2.14220714569092,1.20501323603504,24.4261956353789,75.7336621207327,65.057824718142,47.1266114441708,24.4433422551572,,,,,,,,,,
,9.39999961853027,4.92992045637849,7.62235877269281,18.5571508269805,2.5242395401001,1.35776925263659,3.06921815872192,2.16773682200192,0.88957953453064,1.10541675224609,2.14220714569092,1.0250006122592,17.0355446710215,91.2715771415017,80.6116224388023,50.3204327496615,23.9024223073736,,,,,,,,,,
,9.39999961853027,4.70528851491897,8.02361312517578,18.539011516743,2.5242395401001,1.50869714086367,3.06921815872192,1.86148318409822,0.88957953453064,1.35547947711143,2.14220714569092,0.922939319756189,16.4258423601995,73.6377855832459,92.0438727582087,68.5174831890669,23.3863875717413,,,,,,,,,,
,9.39999961853027,4.74482288625856,8.50151487890462,17.4102849447649,2.5242395401001,1.35668117509673,3.06921815872192,2.33979795165015,0.88957953453064,1.193304435593,2.14220714569092,0.984131421456669,23.2115496168073,62.0196902041404,64.5004520163631,81.4418191846633,21.8425063392184,,,,,,,,,,
,9.39999961853027,5.03823378521808,9.23071814053888,17.1163282898924,2.5242395401001,1.49343627826144,3.06921815872192,2.60514105557407,0.88957953453064,0.940625102977151,2.14220714569092,1.22657379365877,32.9418787347341,60.288720550031,38.4521553520342,66.7528314353222,31.2319583038786,,,,,,,,,,
,9.39999961853027,5.02014868153466,8.67351636376261,17.8924249160991,2.5242395401001,1.46410306984789,3.06921815872192,2.33417970710818,0.88957953453064,1.19993724338856,2.14220714569092,1.06650479412108,31.2755270253599,71.7273505778094,46.8857621086968,72.8263410306444,29.6760123072107,,,,,,,,,,
,9.39999961853027,5.32133336343347,9.34166494195314,18.635043796016,2.5242395401001,1.80715222217518,3.06921815872192,2.36369211963833,0.88957953453064,1.02741435926972,2.14220714569092,1.19753285462005,34.3954366529831,69.0908085729939,44.7191390027904,66.4477431364734,37.1718756743152,,,,,,,,,,
,9.39999961853027,4.85177556591417,8.70778725144856,18.0443634426175,2.5242395401001,1.48268271455612,3.06921815872192,2.8808499417323,0.88957953453064,1.1916339026349,2.14220714569092,1.33738038047973,36.9993757698404,71.7766832003442,58.1946127298889,76.4459207301563,33.2832486681403,,,,,,,,,,
,,,,,,,,,,,,,,,,,,,,,,,,,,,
ID-018,,,,,,,,,,,,,,,,,,,,,,,,,,,
,,,,,,,,,,,,,,,,,,,,,,,,,,,
,9.30000019073486,4.90803768743087,7.62335116120098,16.9583724714983,0.911904215812683,0.765727090600413,3.38518667221069,4.36797844009687,0.430955588817596,0.598958136531707,2.32042479515076,1.9819058955358,44.7214038314559,65.0591613543441,50.4410629057782,29.8118773566015,47.6281046808456,,,,0.0535970463683246,0.295404672622681,0.263996000504415,0.371151846811634,0.303457371898389,0.170991992185604,9.43244361877441
,9.30000019073486,5.21574006388645,7.12034193490826,18.7044147461689,0.911904215812683,1.07252555844072,3.38518667221069,4.49598185550806,0.430955588817596,0.744686271073959,2.32042479515076,1.48656687868323,30.5643410087922,79.4356603753676,60.6096958354651,26.5609556967362,50.7872107889344,,,,0.0625615630016993,0.295404672622681,0.262956898692903,0.44763902930384,0.235767391195067,0.172828290422723,9.43244361877441
,9.30000019073486,4.9053902541118,8.0944240147454,18.8875412362458,0.911904215812683,1.02556571465869,3.38518667221069,2.4744955380539,0.430955588817596,0.877291717380917,2.32042479515076,1.24448603740735,30.3275283568916,77.0451648791717,69.25530245395,34.3199320359482,57.7978673217687,,,,0.0726145825078409,0.295404672622681,0.482512932495745,0.274280152686143,0.31589863102772,0.275152463008103,9.43244361877441
,9.30000019073486,5.74328839224942,8.63796703040389,16.6488871855813,0.911904215812683,1.1969918610665,3.38518667221069,3.12643456058187,0.430955588817596,0.78499048772366,2.32042479515076,1.37740089149449,38.6895853842696,69.3986597653662,85.4354995023615,52.0408828411236,54.6669951514746,,,,0.107226388329224,0.295404672622681,0.36776404599694,0.336553322930892,0.282504050000973,0.219739369480049,9.43244361877441
,9.30000019073486,5.33170911764916,8.76754249275372,16.5626489819106,0.911904215812683,0.990162213650903,3.38518667221069,3.16656891833454,0.430955588817596,0.795412741222586,2.32042479515076,1.43804718110206,42.2939832575134,67.6903938288722,58.0668571809619,37.3615820481133,71.7263544694429,,,,0.120930659906388,0.295404672622681,0.363490018380946,0.339551651941021,0.292490404587007,0.221788058285082,9.43244361877441
,9.30000019073486,5.03314481643848,7.82236306291709,17.0482962410343,0.911904215812683,0.942624124342605,3.38518667221069,2.00516583332789,0.430955588817596,1.13394675076081,2.32042479515076,0.971098471574785,29.8756058254696,80.0965055550548,88.1414162475118,56.7029807607384,52.6449188874296,,,,0.185397736190452,0.295404672622681,0.551746686011992,0.286675850285773,0.276376013764104,0.301724840245212,9.43244361877441
,9.30000019073486,5.2799954618208,8.0164195474636,16.5842835420382,0.911904215812683,1.00670837927354,3.38518667221069,3.82138807616237,0.430955588817596,0.578908729472747,2.32042479515076,1.91975267589693,56.841895464798,53.1581070860482,39.0455124747608,36.743312972885,73.2566897164892,,,,0.218878508903284,0.295404672622681,0.2955382292129,0.328948257325594,0.344973975921487,0.194121316803168,9.43244361877441
,9.30000019073486,5.65850429407187,8.47212802445901,16.9715411673115,0.911904215812683,0.802518091500557,3.38518667221069,3.84247259596267,0.430955588817596,0.859644831232643,2.32042479515076,1.62719708585408,57.946985101342,51.9273566759757,31.7947861167753,29.9906879509316,80.0063964852934,,,,0.242739067372247,0.295404672622681,0.39141744647275,0.348720077193796,0.282921385205757,0.233515885819946,9.43244361877441
,,,,,,,,,,,,,,,,,,,,,,,,,,,
ID-020,,,,,,,,,,,,,,,,,,,,,,,,,,,
,,,,,,,,,,,,,,,,,,,,,,,,,,,
,8.89999961853027,4.84490824602648,7.85276534036653,19.4736649333063,1.15851283073425,1.36565229249379,5.29972219467163,4.07489206609978,0.493178874254227,0.703373338197797,2.02766180038452,1.52670861750318,25.0556890214875,50.8784199939756,54.8541502223243,24.0236710495854,25.0556890214875,,,,0.00211278330042519,0.188689142465591,0.284023202924719,0.406900069968033,0.262583618664389,0.184090724831142,8.96676921844482
,8.89999961853027,5.1459888419919,8.43961317241991,19.7447138815052,1.15851283073425,1.88335548774044,5.29972219467163,2.876740787701,0.493178874254227,0.669656808432968,2.02766180038452,1.56282836638401,25.3395271476619,50.3743990320206,64.8421483938604,31.7936081312183,25.3395271476619,,,,0.0177128883066419,0.188689142465591,0.385796868606822,0.269484592198125,0.360191136809508,0.238460176611011,8.96676921844482
,8.89999961853027,5.41290003934942,9.28258968130142,20.0756192156419,1.15851283073425,1.93991538466922,5.29972219467163,2.26530110902371,0.493178874254227,0.792844578033677,2.02766180038452,1.31728341692367,27.6483917140302,44.0216441008474,66.858260299084,43.0291044647113,27.6483917140302,,,,0.0219290796327141,0.188689142465591,0.468763720708094,0.246648258492622,0.367434038711603,0.28310054771126,8.96676921844482
,8.89999961853027,4.99081686709571,8.77170114679968,19.5039944196276,1.15851283073425,2.29298232857708,5.29972219467163,2.6546692721888,0.493178874254227,0.811970213927602,2.02766180038452,1.31092928235441,28.4212061571589,50.6758328506199,81.7494778473094,45.1746574757573,28.4212061571589,,,,0.0426661207658637,0.188689142465591,0.404771301013156,0.304623825807355,0.312296198355115,0.246265054829954,8.96676921844482
,8.89999961853027,4.80453528460423,7.58396822696324,18.6601724489321,1.15851283073425,1.22771494467056,5.29972219467163,2.73046872692006,0.493178874254227,1.04472423446709,2.02766180038452,1.06768097204358,29.6030266702422,66.5587929906637,89.6134139404811,43.9051109721423,29.7250144711053,,,,0.0878062655907682,0.188689142465591,0.442525444287369,0.352891951090788,0.243833368062006,0.251284393427444,8.96676921844482
,8.89999961853027,4.84124714318542,7.78880781189749,16.1266817070752,1.15851283073425,1.56819791796554,5.29972219467163,5.91345699805636,0.493178874254227,0.582911629208062,2.02766180038452,1.9754896213045,23.9654397345507,85.8642527365683,53.0976365517132,35.0028822512045,38.1148819893242,,,,0.119144537747683,0.188689142465591,0.215859648079996,0.441592100128416,0.252947216197914,0.145328475763793,8.96676921844482
,8.89999961853027,4.64475882591912,7.79012163902384,18.4981322910474,1.15851283073425,1.31770199088388,5.29972219467163,5.68635521006463,0.493178874254227,0.535848063777735,2.02766180038452,2.01387140812835,22.2206822752704,87.7793193387113,19.6095228599709,22.640569690765,60.8692796497439,,,,0.120126962661743,0.188689142465591,0.191074913565999,0.436306718413534,0.252375969343237,0.130214409198409,8.96676921844482
,8.89999961853027,5.27531375190044,8.23466055924443,17.6131361468056,1.15851283073425,1.28808415911843,5.29972219467163,4.97108053095405,0.493178874254227,0.525007569896831,2.02766180038452,2.07262243353939,29.9030087112083,79.9531330906045,23.7009143598441,28.5971629670459,66.2964501964211,,,,0.120126962661743,0.188689142465591,0.229992883009425,0.394127590087265,0.305107180041842,0.15758144498199,8.96676921844482
,,,,,,,,,,,,,,,,,,,,,,,,,,,
ID-021,,,,,,,,,,,,,,,,,,,,,,,,,,,
,,,,,,,,,,,,,,,,,,,,,,,,,,,
,11.5,4.82131881717863,7.16786016074453,20.5619525711408,0.151862964034081,0.252744402777118,3.60046529769897,3.34076906582219,0.771286487579346,1.15852262157394,1.2965350151062,0.994421615076103,26.9029044519712,83.0946668910766,81.0209247407559,43.1639011971567,57.2810705102379,,,,0.115200625871665,0.277741879224777,0.338960298977431,0.439499578824539,0.189023273745507,0.207546043034267,10.0222368240356
,11.5,4.92205880448834,7.39724917632963,20.0990011396811,0.151862964034081,0.177831217703441,3.60046529769897,4.35241056694159,0.771286487579346,0.931481642225488,1.2965350151062,1.29146958794151,23.4630461685032,86.4335545420159,81.3995033927136,38.8438124210324,66.1365507746588,,,,0.161642912465621,0.277741879224777,0.299993303758881,0.447730409310757,0.205078232018953,0.181846843394418,10.0222368240356
,11.5,4.69164935379392,7.08114958116717,17.2911292688625,0.151862964034081,0.1592227496782,3.60046529769897,7.71164251111812,0.771286487579346,0.594705232148027,1.2965350151062,1.90592567070818,21.8937943274799,88.1061737470885,68.4845213689174,20.5374165756364,85.0052312286913,,,,0.203170571277471,0.277741879224777,0.151644221466958,0.513033859006609,0.178024798151892,0.101794595200447,10.0222368240356
,11.5,4.6834954275983,7.06907778038281,19.4574018823911,0.151862964034081,0.160476557180737,3.60046529769897,4.76791389515429,0.771286487579346,1.04620219807838,1.2965350151062,1.21226698649388,15.945516284721,94.0544847839015,54.2098007313232,15.2912910956004,69.9715935597422,,,,0.243882248461674,0.277741879224777,0.264636648246085,0.486563045942777,0.170271009350989,0.163702614463323,10.0222368240356
,11.5,4.46954382047093,7.37248716528083,18.1998070352248,0.151862964034081,0.198262094188555,3.60046529769897,4.13536678300979,0.771286487579346,0.868130766257188,1.2965350151062,1.24157274128361,17.2491954778488,92.7508059767135,80.3898901879819,39.3999867559693,48.4549973028644,,,,0.276208982715434,0.277741879224777,0.280121698184178,0.428847206335885,0.196812908428806,0.169834247397674,10.0222368240356
,11.5,5.09691578172873,7.04129568337748,19.1189967636875,0.151862964034081,0.143844264197539,3.60046529769897,4.28094795894765,0.771286487579346,1.20452657410997,1.2965350151062,1.14748480950326,25.841427965566,83.6214999029701,84.4969667631569,36.7804042544024,51.5681701007234,,,,0.309419724034764,0.277741879224777,0.494682145232126,0.40848862368802,0.187956267690255,0.236597341973903,10.0222368240356
,11.5,4.71530500429717,7.0036789409297,19.7900181368872,0.151862964034081,0.113567396220988,3.60046529769897,4.64981541799977,0.771286487579346,1.04700661191047,1.2965350151062,1.32398967532629,29.7892169733981,80.1120045424596,66.5514529484011,54.9718209179894,48.8368089916351,,,,0.435953851634522,0.277741879224777,0.337828621611973,0.440860843093674,0.185922852506188,0.189827205583087,10.0222368240356
,11.5,4.53579666879896,7.0513124277134,18.8138411651769,0.151862964034081,0.127767152749141,3.60046529769897,5.0086672645149,0.771286487579346,0.803072534843063,1.2965350151062,1.41976380398645,29.0316249017492,80.9683801180224,27.4384650038363,14.737713551417,84.6648111906713,,,,0.468436580046224,0.277741879224777,0.244056724209531,0.466000058476603,0.191433625246202,0.153821350352837,10.0222368240356
,,,,,,,,,,,,,,,,,,,,,,,,,,,
ID-024,,,,,,,,,,,,,,,,,,,,,,,,,,,
,,,,,,,,,,,,,,,,,,,,,,,,,,,
,7.69999980926514,4.54452242891975,7.20455864001251,16.0829896676093,5.10843658447266,4.2249644333563,1.52551901340485,3.65160890699072,1.22651028633118,0.69040925548141,0.815321326255798,1.46649278029195,49.4431439597901,60.5568592746154,25.9609856026939,24.1626371756934,69.3795938304212,,,,0.08017554479262,0.655514597892761,0.279747389118667,0.357782431701126,0.24334238573256,0.167096605455691,9.6635684967041
,7.69999980926514,4.5937448282512,7.28668767222038,16.02551022854,5.10843658447266,2.69760799407959,1.52551901340485,3.79816126823425,1.22651028633118,0.669463276863098,0.815321326255798,1.49373400211334,47.709846496582,62.2901496887207,24.8993473052979,21.9847984313965,81.9195022583008,,,,0.0803315266966819,0.655514597892761,0.263285279273987,0.415910452604294,0.269593894481659,0.18048320710659,9.6635684967041
,7.69999980926514,5.06320577858303,7.49268279287091,16.4977638446889,5.10843658447266,4.14814686257451,1.52551901340485,3.54299177265559,1.22651028633118,0.838121781974773,0.815321326255798,1.43880901469855,44.8292189476474,65.1190637499977,29.0861358582039,23.3062637780013,81.5736556747676,,,,0.102549611965336,0.655514597892761,0.375623516881706,0.365288454209506,0.265055368034577,0.21866136548942,9.6635684967041
,7.69999980926514,5.00901965486048,7.35291081115966,18.5400626662228,5.10843658447266,3.8133178410041,1.52551901340485,3.40979540922695,1.22651028633118,0.959393514397545,0.815321326255798,1.17098619929731,46.2129449385438,63.7868040749499,35.2829497766963,19.5994783373888,78.8913318731596,,,,0.143445714503544,0.655514597892761,0.423601781098566,0.348398724954466,0.249887045142951,0.239718169225026,9.6635684967041
,7.69999980926514,5.46578006127316,8.7248974975509,20.0744942109706,5.10843658447266,7.03258604432077,1.52551901340485,2.04906156003068,1.22651028633118,1.54493860923002,0.815321326255798,0.9392542345689,47.1071886306636,60.2437390192066,49.3279529650004,37.4659417960391,58.8584580564715,,,,0.211959692145803,0.655514597892761,0.862336246043235,0.254697022049714,0.258531521794763,0.356614614434817,9.6635684967041
,7.69999980926514,5.30590069478884,7.40660811048859,17.7063902874786,5.10843658447266,5.33266566601172,1.52551901340485,1.92713091111244,1.22651028633118,1.17998696171728,0.815321326255798,0.896839398217991,40.7635662034172,69.2288558648951,72.2571036150109,57.3781722491804,39.4106814078944,,,,0.350095165206706,0.655514597892761,0.581264904634713,0.282246593248646,0.265482434731825,0.3098958736809,9.6635684967041
,7.69999980926514,4.88792898643746,7.42321762562306,19.0147945287838,5.10843658447266,4.05802688686726,1.52551901340485,2.62308429846362,1.22651028633118,1.1932575536337,0.815321326255798,1.08828534799836,42.2189207908627,67.6709223509411,71.3923259825967,53.0164210115696,55.6744782031976,,,,0.437299603970835,0.655514597892761,0.567130479584475,0.318878372640639,0.258057506771285,0.29625999323511,9.6635684967041
,7.69999980926514,4.73746449295808,7.85164860889423,18.9193593564595,5.10843658447266,5.3523476284806,1.52551901340485,2.72347185442388,1.22651028633118,1.19316818130831,0.815321326255798,1.26460064108282,39.2801311566052,70.7178382396249,83.1594853250596,55.4949868575094,54.2727257190243,,,,0.547401448766765,0.655514597892761,0.573087531903046,0.293587823813205,0.266773588622148,0.286599722962356,9.6635684967041
,,,,,,,,,,,,,,,,,,,,,,,,,,,
ID-025,,,,,,,,,,,,,,,,,,,,,,,,,,,
,,,,,,,,,,,,,,,,,,,,,,,,,,,
,8.60000038146973,4.83305838497428,7.3909480776102,16.2639055068824,1.61510479450226,1.15625731166119,3.59902548789978,7.58343909971496,0.59119176864624,0.474515786723317,1.69149839878082,2.23980948372211,46.7958421527484,26.8843624381949,46.5437151397086,49.3483429463794,46.7958421527484,,,,0.0,0.277852982282639,0.137986436765406,0.421849000572415,0.248552059520741,0.134186053446816,9.60727596282959
,8.60000038146973,4.70057406794607,7.29750645681683,16.1781961956847,1.61510479450226,1.13644656814566,3.59902548789978,7.30316640057528,0.59119176864624,0.459004962543317,1.69149839878082,2.66004677406819,52.302233236298,38.6018518727844,45.119461455245,40.9358729523989,52.302233236298,,,,0.00115563839608666,0.277852982282639,0.17689072690216,0.415397598814012,0.275127719205115,0.118972823414161,9.60727596282959
,8.60000038146973,4.63866342215761,7.50076462074763,16.6389681241621,1.61510479450226,1.50359355450863,3.59902548789978,5.82605053336531,0.59119176864624,0.595732205786144,1.69149839878082,1.97346883412649,50.644131235841,43.4681373317988,60.5124835688669,48.316877782575,50.644131235841,,,,0.00382860174670001,0.277852982282639,0.219030881852909,0.412773196424238,0.238702793626484,0.139324995296398,9.60727596282959
,8.60000038146973,4.42107019396707,7.4585458944433,15.6974816600176,1.61510479450226,1.88401258026292,3.59902548789978,5.34869206170957,0.59119176864624,0.516999095996343,1.69149839878082,2.18224235393739,64.5128182960637,44.6455704499938,54.1238591366489,36.1208444991111,70.2781549698702,,,,0.00400259377986957,0.277852982282639,0.209152876708947,0.374194255666092,0.271058152638397,0.134593253634668,9.60727596282959
,8.60000038146973,5.64750002935247,7.29407560768587,17.1041132922757,1.61510479450226,2.01276748646579,3.59902548789978,2.93039221265243,0.59119176864624,0.587295458656717,1.69149839878082,1.78698438708422,67.3450235201516,41.5342846218181,50.7003840982209,33.1680263422587,76.83150539527,,,,0.00496591973649358,0.277852982282639,0.346661522862316,0.251468792844135,0.395936633087206,0.222757251272539,9.60727596282959
,8.60000038146973,4.99613786230507,7.53302865717439,19.0289232532059,1.61510479450226,1.825284343536,3.59902548789978,3.89582573805545,0.59119176864624,0.765010111599527,1.69149839878082,1.50387003977603,62.6235254031905,42.4656205230896,72.4438082611228,47.7866761221096,62.0677212575963,,,,0.0204623011265246,0.277852982282639,0.338851614379114,0.363445398281005,0.263352495069783,0.199361286927054,9.60727596282959
,8.60000038146973,4.94367168730546,7.3040278768537,17.7354020041367,1.61510479450226,1.50710695961678,3.59902548789978,5.88867405033727,0.59119176864624,0.630263268284873,1.69149839878082,2.12518903124401,64.3532199218343,45.4306382007268,77.789601457102,41.5869672158885,68.4073335222607,,,,0.03210199867505,0.277852982282639,0.250057991295299,0.372133722336259,0.266208027090981,0.157256040470222,9.60727596282959
,8.60000038146973,5.08137156701564,7.66220656414226,17.7130412225436,1.61510479450226,1.72352067556444,3.59902548789978,5.16051559330444,0.59119176864624,0.57042771692038,1.69149839878082,2.87882875768143,67.2813969357414,42.6306082413407,48.5814065571814,23.2441915728503,86.1037627161629,,,,0.0375451205246635,0.277852982282639,0.278083829543172,0.293798745983607,0.37703102710481,0.172113583748322,9.60727596282959
,,,,,,,,,,,,,,,,,,,,,,,,,,,
ID-027,,,,,,,,,,,,,,,,,,,,,,,,,,,
,,,,,,,,,,,,,,,,,,,,,,,,,,,
,11.3999996185303,5.22047282004005,7.45414240228497,17.0871364687262,0.223223820328712,0.247889548853472,2.17705106735229,2.13243933308434,0.847181260585785,1.03762131056785,1.18038499355316,1.03860870522446,45.0691976042338,40.6990378792962,58.7249158320716,52.6405275552794,45.0691976042338,,,,0.092300776802243,0.459336936473846,0.482357595699937,0.311904063236231,0.292702429673073,0.288426279369479,11.163049697876
,11.3999996185303,5.05866367472125,7.48466978480805,16.7000007629395,0.223223820328712,0.219335864613479,2.17705106735229,1.70048301677715,0.847181260585785,1.30107686983793,1.18038499355316,0.821025855718861,41.7757039715256,52.4043570006621,83.9479353702819,66.5222694855417,40.3890348963809,,,,0.180715023905512,0.459336936473846,0.611890228968529,0.282254426105468,0.266965587059465,0.331080115291441,11.163049697876
,11.3999996185303,5.24179789683168,7.22369231441854,16.853519769422,0.223223820328712,0.281656798597739,2.17705106735229,2.13087604895789,0.847181260585785,1.31638034629158,1.18038499355316,0.870978598653332,40.5060784958606,64.3295648449016,81.30773390313,72.1958012331618,37.1258473853364,,,,0.301535242734148,0.459336936473846,0.584924919528329,0.312246934159159,0.243655350561883,0.308107761827738,11.163049697876
,11.3999996185303,4.90712482822183,7.69015416372213,16.7322827320549,0.223223820328712,0.191092585284538,2.17705106735229,2.11330539569255,0.847181260585785,1.31122520799517,1.18038499355316,1.04668999545794,47.7201041117465,61.2487426537159,53.0692568605725,64.0981827443687,45.8167295251277,,,,0.410076655788905,0.459336936473846,0.60610058438683,0.287645962055739,0.282583749198591,0.322003202365806,11.163049697876
,11.3999996185303,5.18486940646851,7.76915619879272,16.657135249485,0.223223820328712,0.133909120139459,2.17705106735229,2.32520977813978,0.847181260585785,1.35436403460556,1.18038499355316,0.906853929293965,35.6023032326964,74.3511982192114,56.6620272991871,61.3739105962178,46.8690417568659,,,,0.542189570632953,0.459336936473846,0.539977547209057,0.351679253254967,0.236103987214952,0.302691452452277,11.163049697876
,11.3999996185303,5.0856256664649,7.47945933777621,16.4339249017968,0.223223820328712,0.199938617196176,2.17705106735229,2.53442126227915,0.847181260585785,0.980560684603902,1.18038499355316,1.23808321020304,59.1449161585727,50.8204291574817,45.411529219857,48.756690997251,61.055714317822,,,,0.614018616602254,0.459336936473846,0.456614446549758,0.315378791254528,0.304298316216488,0.268264639959558,11.163049697876
,11.3999996185303,5.26100265440833,7.05966687794543,16.3109261408451,0.223223820328712,0.184947862578375,2.17705106735229,3.30508668361695,0.847181260585785,0.872690163908994,1.18038499355316,1.341621807757,57.6634482463297,52.3365553046168,51.6273138764291,28.4511406712951,81.4340458485096,,,,0.684914175029792,0.459336936473846,0.393163604700648,0.330912570580211,0.249295670501042,0.221935078142707,11.163049697876
,11.3999996185303,4.91877232250273,8.11271062268228,16.6317682383729,0.223223820328712,0.236855586400783,2.17705106735229,2.63101321333418,0.847181260585785,1.26079703840575,1.18038499355316,0.96436754566404,56.1793289099671,53.4579174489244,52.1000616621921,26.9111449701851,73.961005005886,,,,0.733869643617943,0.459336936473846,0.522750083131177,0.330970922687819,0.215695451705752,0.268567576707328,11.163049697876
,,,,,,,,,,,,,,,,,,,,,,,,,,,
ID-031,,,,,,,,,,,,,,,,,,,,,,,,,,,
,,,,,,,,,,,,,,,,,,,,,,,,,,,
,9.80000019073486,4.65700560184668,7.05421005658451,15.6595773088336,0.800944089889526,0.794090668171243,2.43991708755493,12.4205209223796,0.832974314689636,0.348751885628374,1.20051717758179,4.2562553237669,77.1878810972083,24.8416643780613,29.2449711657715,29.8662214952811,75.9593839321363,,,,0.0145554679478388,0.409850001335144,0.166347255082969,0.388807978598081,0.308358489383012,0.108393181944728,9.77042484283447
,9.80000019073486,4.53143800752079,7.1792328554658,16.4475252643863,0.800944089889526,0.969299713311739,2.43991708755493,8.51958434220345,0.832974314689636,0.41952480475167,1.20051717758179,3.31171045832108,85.9977185055441,20.5709268992435,18.0326198781511,13.7867329849393,86.1022332122094,,,,0.0160347244396488,0.409850001335144,0.15957964351014,0.377971445388164,0.290462658845819,0.103088869989096,9.77042484283447
,9.80000019073486,4.91846307898315,7.0742097656569,17.1367488422268,0.800944089889526,0.583770271984012,2.43991708755493,8.6982773885367,0.832974314689636,1.05981464885779,1.20051717758179,2.7896746382397,59.25025914346,39.3346602879971,44.1028711090296,37.8931230195428,59.9054343882596,,,,0.077341664870517,0.409850001335144,0.489990040297068,0.377582738846914,0.251774700086036,0.236049051121088,9.77042484283447
,9.80000019073486,4.75943402678686,7.1490870763973,15.8979317310687,0.800944089889526,0.717364551627186,2.43991708755493,14.2291126818004,0.832974314689636,0.484109176503867,1.20051717758179,3.82259291440723,64.6333563048985,43.787047142208,34.2072189397857,33.0856691167338,76.1144827602565,,,,0.131503879161573,0.409850001335144,0.204696343438117,0.446571956856858,0.242536875796213,0.119928941223261,9.77042484283447
,9.80000019073486,4.57073423856973,7.47293381539284,15.7270551859243,0.800944089889526,0.965956861763997,2.43991708755493,19.4258958385159,0.832974314689636,0.457006063726181,1.20051717758179,5.76139635870548,68.1716249083556,40.605571694293,23.0839494116259,20.7924072183631,88.6174115394952,,,,0.15370236416245,0.409850001335144,0.181374943676357,0.440584384872887,0.257822472894007,0.108392853012549,9.77042484283447
,9.80000019073486,4.57466913369606,7.59963278579311,16.3776521910945,0.800944089889526,1.41159317378985,2.43991708755493,11.265287886788,0.832974314689636,0.557504103121939,1.20051717758179,4.36229627652997,67.9531291269949,40.2982189298248,31.9945404433308,39.7126840741224,65.0570749514559,,,,0.192646797901419,0.409850001335144,0.269109633291621,0.329811547174408,0.345185458856246,0.16208652115135,9.77042484283447
,9.80000019073486,4.60675990779694,7.2967658003982,16.8736330899498,0.800944089889526,0.849584684499037,2.43991708755493,17.009278554916,0.832974314689636,0.422404948620619,1.20051717758179,5.08493136216006,66.2696548519063,43.2797255692433,27.4526857804751,41.6759978809058,54.3455275320532,,,,0.206562332477698,0.409850001335144,0.190338070145769,0.434727377610754,0.280399865035634,0.121492190255557,9.77042484283447
,9.80000019073486,4.55113651311787,7.97209239080415,15.7386636676247,0.800944089889526,0.875724177272572,2.43991708755493,11.6832120332745,0.832974314689636,0.414916089657775,1.20051717758179,5.15574812733737,74.6440845254147,35.355585267342,18.3767971331051,33.1082993333239,58.729730299242,,,,0.213908058160655,0.409850001335144,0.145998742910276,0.369129644995956,0.34220968757315,0.0989271431854338,9.77042484283447
,,,,,,,,,,,,,,,,,,,,,,,,,,,
ID-032,,,,,,,,,,,,,,,,,,,,,,,,,,,
,,,,,,,,,,,,,,,,,,,,,,,,,,,
,11.1999998092651,5.3551148061786,8.11186187752402,16.9317530314011,0.227396130561829,0.217387303507454,9.02936458587646,5.52019432148437,0.362694144248962,0.612151769556133,2.7571439743042,1.72723013901082,20.9953375633538,57.1185088699676,78.4969890096431,64.0459030155013,20.9953375633538,,,,0.000214218028117114,0.110749766230583,0.224804273576662,0.409269599756015,0.219562622274878,0.152967668882301,10.4255437850952
,11.1999998092651,5.36899491088554,9.57376309193097,17.8014634933957,0.227396130561829,0.303934561692936,9.02936458587646,7.16123962117613,0.362694144248962,0.554845828248667,2.7571439743042,2.38899298547602,24.1708466293939,61.4683511184632,80.5820219913834,66.727855199652,24.1708466293939,,,,0.00311665718368484,0.110749766230583,0.232333887266338,0.408196157942965,0.271574388462283,0.150526409367503,10.4255437850952
,11.1999998092651,5.39183327757124,8.33179223504358,15.5258627198228,0.227396130561829,0.325621451943882,9.02936458587646,5.14083615384707,0.362694144248962,0.650128873527254,2.7571439743042,1.9806573792328,26.4419731530093,56.76193624598,85.4696637031752,75.7237513920741,24.5458047473386,,,,0.0154359556888428,0.110749766230583,0.275015195379144,0.408886670370156,0.279159079807838,0.175801100144821,10.4255437850952
,11.1999998092651,5.05838493040475,7.24219633947118,16.3218968998706,0.227396130561829,0.597920021686088,9.02936458587646,4.45444472330682,0.362694144248962,0.73485609371905,2.7571439743042,2.40084634517329,27.538784529217,47.4350133198565,86.2760893837481,90.8642475091148,18.0895235880099,,,,0.0322987523242961,0.110749766230583,0.37349275106469,0.303057052039479,0.354066218369387,0.220262090998607,10.4255437850952
,11.1999998092651,5.02915964006799,8.09535453784391,17.0137973242398,0.227396130561829,0.405388701170138,9.02936458587646,2.02237611959539,0.362694144248962,0.981975358352404,2.7571439743042,1.12331325973735,20.8700221263551,38.0247569276439,79.330564029563,81.672516163179,15.431867706172,,,,0.103047727533063,0.110749766230583,0.563340169909378,0.238917391246346,0.31772448450622,0.305557519871198,10.4255437850952
,11.1999998092651,5.2307668934274,7.57521190966525,17.64410621642,0.227396130561829,0.401931649819385,9.02936458587646,7.35496288956282,0.362694144248962,0.303604020177491,2.7571439743042,4.8382167091797,62.9011808538544,26.0861072312137,18.0669880695882,42.5451867364179,58.140436763591,,,,0.117467443481847,0.110749766230583,0.167230966498753,0.244417396505219,0.518018017227664,0.122315355338626,10.4255437850952
,11.1999998092651,4.62611381359285,7.57251902212012,16.3506029212665,0.227396130561829,0.321224204607408,9.02936458587646,3.31690702377184,0.362694144248962,1.24527237157963,2.7571439743042,1.19154937252461,46.17745659531,61.3939885326878,43.4751360060046,29.4305352773582,53.7026446020508,,,,0.177468535176538,0.110749766230583,0.541586622161168,0.329914345648531,0.220681884819637,0.260338555413675,10.4255437850952
,11.1999998092651,5.09041444002491,8.26099574845131,15.8320657491244,0.227396130561829,0.378336885435672,9.02936458587646,5.14477413194641,0.362694144248962,0.638393056218106,2.7571439743042,1.83698992395801,29.1329911302556,80.8495195640363,57.1100820430752,25.4182263251294,56.6619186877275,,,,0.234899354193213,0.110749766230583,0.267387235679949,0.415451383143545,0.261726320648258,0.170752836730763,10.4255437850952
,,,,,,,,,,,,,,,,,,,,,,,,,,,
ID-033,,,,,,,,,,,,,,,,,,,,,,,,,,,
,,,,,,,,,,,,,,,,,,,,,,,,,,,
,9.80000019073486,5.38875567572397,7.27825246333235,17.7374511612702,0.826207995414734,1.14630557479087,11.3613805770874,11.2970477293215,0.138535931706429,0.177963741435199,7.21834373474121,7.85465490531746,56.3362783160052,52.8010994118971,26.9767097447066,29.9851873262308,59.1890710609298,,,,0.0,0.0880174711346626,0.106583555441906,0.259173664769093,0.522121622504427,0.080428064325473,9.63589572906494
,9.80000019073486,5.32950883697814,8.2473289577581,17.0632467287351,0.826207995414734,1.01837471952802,11.3613805770874,7.7374281608598,0.138535931706429,0.37206823242708,7.21834373474121,5.13952667926719,63.8214383743078,44.6564484147878,31.8717741966285,42.5977066359759,64.4600488215189,,,,0.00198529454599916,0.0880174711346626,0.197817084654063,0.280383216367654,0.448122956189392,0.131359870634707,9.63589572906494
,9.80000019073486,5.33919657328356,7.87998959757082,16.2152705247099,0.826207995414734,1.11575246101767,11.3613805770874,9.82786381457123,0.138535931706429,0.182513495052342,7.21834373474121,7.27441809872248,62.0028394570089,46.5852002251377,35.7814364817441,44.7893608510326,61.3834769355672,,,,0.00507798977196217,0.0880174711346626,0.116952371222463,0.219259728459986,0.581955712586468,0.0916529566834679,9.63589572906494
,9.80000019073486,5.56797123329605,7.06075874733604,17.0090469574798,0.826207995414734,0.807358207498517,11.3613805770874,11.7056205717045,0.138535931706429,0.147936098827245,7.21834373474121,7.96403405530951,82.0950982197491,22.7619848305395,14.499729141306,32.6215698686606,76.7658333316421,,,,0.00507798977196217,0.0880174711346626,0.0982305591839478,0.248346864227983,0.553563566711248,0.0773507079543353,9.63589572906494
,9.80000019073486,5.78168953761911,7.52513962864127,17.1091261469956,0.826207995414734,1.27450499810368,11.3613805770874,6.71703519461231,0.138535931706429,0.333051233834553,7.21834373474121,4.29753684013536,81.3197006150789,21.8091435271124,30.5172847659866,36.8011765105725,72.5401511027928,,,,0.00507798977196216,0.0880174711346626,0.191936360010408,0.245760341083673,0.450592111902011,0.126837415632405,9.63589572906494
,9.80000019073486,5.73070488609979,7.66539432103942,17.0890934732532,0.826207995414734,1.24549295554508,11.3613805770874,6.78330741635627,0.138535931706429,0.240104603633342,7.21834373474121,4.64083909478989,81.0650000349967,28.9350002340588,30.8473747369351,33.6133694770823,76.3369973930464,,,,0.00507798977196216,0.0880174711346626,0.153532488936293,0.244513440860657,0.514121021870199,0.114928226898,9.63589572906494
,9.80000019073486,5.21609846325573,7.94841264285376,16.7701896323196,0.826207995414734,1.29043890541639,11.3613805770874,7.13791398991152,0.138535931706429,0.305031461905209,7.21834373474121,5.12242039827244,69.0051605401148,38.4981907351328,44.5311301099149,45.5761549273303,64.2929670908644,,,,0.00507798977196217,0.0880174711346626,0.182223889576855,0.221875907567415,0.524363701132845,0.128172497692525,9.63589572906494
,9.80000019073486,5.36107174469158,7.2039387082473,16.4427227096608,0.826207995414734,1.2206472033556,11.3613805770874,9.26528824989339,0.138535931706429,0.191752654057552,7.21834373474121,5.88736011230702,96.0257773832509,11.3133971728081,3.06035846515933,22.8277820340796,86.9781806416942,,,,0.00507798977196217,0.0880174711346626,0.137237584662249,0.242340893926923,0.544642492614051,0.104332184405006,9.63589572906494
