DURING,IAPF (Hz.),Theta peak frequency (Hz.),Alpha peak frequency (Hz.),Beta peak frequency (Hz.),Baseline Alpha Gravity (Alpha1 / Alpha2 Power),Alpha Gravity (Alpha1 / Alpha2 Power),Baseline Fatigue score (Alpha /Theta /Beta Power),Fatigue score (Alpha /Theta /Beta Power),Baseline Concentration index (Beta/ Alpha Power),Concentration Index (Beta/ Alpha Power),Baseline Relaxation index (Alpha /Beta Power),Relaxation index  (Alpha /Beta Power),Chill %,Stress %,Focus %,Anger %,Self-control %,Unnamed: 20,Unnamed: 21,Unnamed: 22,Unnamed: 23,Unnamed: 24,Unnamed: 25,Unnamed: 26,Unnamed: 27,Unnamed: 28,Unnamed: 29
ID-004,,,,,,,,,,,,,,,,,,,,,,,,,,,
,,,,,,,,,,,,,,,,,,,,,,,,,,,
,10.1999998092651,5.07051507870482,10.2965609989982,15.2498653089339,1.7460640668869,1.22142291470771,5.42439842224121,4.10493420852349,0.552143931388855,0.509520704216085,5.0449047088623,3.34262255836873,56.9934403832099,31.7587193006948,33.8388339555018,52.9017270627755,51.1772655662379,,,,,,,,,,
,10.1999998092651,4.95640349808373,10.1722832618031,15.3360379783715,1.7460640668869,1.17146869304248,5.42439842224121,4.90611791633733,0.552143931388855,0.260811926140744,5.0449047088623,4.24734261098541,66.6741453363926,24.6662411689758,26.5317506307288,51.201734941217,58.7663713708709,,,,,,,,,,
,10.1999998092651,4.72873734789558,10.0494730844527,15.8393323316906,1.7460640668869,0.831703841587219,5.42439842224121,7.57080671442087,0.552143931388855,0.177126467524543,5.0449047088623,6.97909435689826,84.0197539872761,16.8777414786665,19.1857312691363,35.9802482641196,73.8491224940819,,,,,,,,,,
,10.1999998092651,5.75792382259217,10.2001222772901,16.1894460850822,1.7460640668869,1.14054867723205,5.42439842224121,5.41463076883274,0.552143931388855,0.334575384910379,5.0449047088623,4.91400278621251,76.8850365532769,15.7079999000307,25.9012216567993,43.1149659716894,66.6957425677587,,,,,,,,,,
,10.1999998092651,5.18033861745006,10.0270047795621,15.8796044171762,1.7460640668869,0.896508166367965,5.42439842224121,7.07442591829959,0.552143931388855,0.228394994565602,5.0449047088623,6.53325388072226,86.9450259631193,12.5202378200579,20.9999674618999,30.3621218385576,79.5386494020872,,,,,,,,,,
,10.1999998092651,5.25841772286198,10.0213417832459,15.6369953118095,1.7460640668869,0.932211181557251,5.42439842224121,6.14792659249867,0.552143931388855,0.210961826327432,5.0449047088623,5.4948148991828,78.0873266775397,14.6224425638778,20.6254908691479,36.9147561954547,73.0790312441089,,,,,,,,,,
,10.1999998092651,5.79377340780007,9.80961811044513,16.485572000283,1.7460640668869,0.780050253469003,5.42439842224121,7.18465786406245,0.552143931388855,0.253020649630097,5.0449047088623,6.62945989958271,78.903384019758,13.0364208085412,22.9717844571629,40.4395708183857,69.4583308043079,,,,,,,,,,
,10.1999998092651,5.19973417362834,10.1568180913412,15.6467515951773,1.7460640668869,0.963450055110109,5.42439842224121,3.95672003980117,0.552143931388855,0.371635937569721,5.0449047088623,3.3751541655624,73.2685908909085,23.8240628604647,39.0095912112465,45.7898575384406,64.171553153026,,,,,,,,,,
,10.1999998092651,5.30671841594237,9.97337183984014,16.2899256317676,1.7460640668869,0.797269062546512,5.42439842224121,8.78880564911651,0.552143931388855,0.199434531148215,5.0449047088623,8.07690530607502,84.9369144439697,16.4342325193973,19.7282486320296,34.7902406740792,74.9809614978259,,,,,,,,,,
,10.1999998092651,5.79060639678865,10.1077523488771,15.8369206188595,1.7460640668869,1.10265667848785,5.42439842224121,5.63811375461878,0.552143931388855,0.273736784231567,5.0449047088623,5.0583166797587,89.2289296649751,9.87800653150586,13.1477764538356,22.3459394061376,87.6194458976624,,,,,,,,,,
,,,,,,,,,,,,,,,,,,,,,,,,,,,
ID-005,,,,,,,,,,,,,,,,,,,,,,,,,,,
,,,,,,,,,,,,,,,,,,,,,,,,,,,
,10.6000003814697,4.56042280815592,7.04854361740533,17.3860134919218,0.439581096172333,0.432183233233504,7.23045921325684,6.77069922597214,0.7549968957901,0.505886315504381,2.48017907142639,2.02296145182528,47.2117526547221,62.7573921984474,53.3482939380927,24.4850212359588,54.8554969313961,,,,,,,,,,
,10.6000003814697,4.21414622303617,7.50962687397002,16.7555950608454,0.439581096172333,0.474870129862751,7.23045921325684,6.2796340013031,0.7549968957901,0.562230359259279,2.48017907142639,1.96889590211274,53.6820250182593,56.3141878464643,48.7653937972894,22.5868116811544,77.5531632367302,,,,,,,,,,
,10.6000003814697,4.2882060831624,7.71701857691679,18.7719425062232,0.439581096172333,0.388060013755298,7.23045921325684,5.6953635740723,0.7549968957901,0.68253946662705,2.48017907142639,1.63262831434506,44.9412427915109,65.056865988551,68.4460856334583,23.9664277740427,77.3324132738887,,,,,,,,,,
,10.6000003814697,4.51497347498019,8.16768495735245,18.5332354597469,0.439581096172333,0.366126189528164,7.23045921325684,5.08891256755856,0.7549968957901,0.517676292803162,2.48017907142639,2.06676123765174,64.8384260554021,45.1615770760658,48.2692498417438,17.2669390177055,92.5580997625196,,,,,,,,,,
,10.6000003814697,4.26969062641711,8.43401841490564,17.9684364721528,0.439581096172333,0.530830708434647,7.23045921325684,4.60341022512983,0.7549968957901,0.70277826366467,2.48017907142639,1.60534175542584,61.3028174244042,48.6971850124091,63.5214362702641,20.923636165351,87.8254738874659,,,,,,,,,,
,10.6000003814697,4.50173257648745,7.96567442637346,16.8201926870283,0.439581096172333,0.517583373347637,7.23045921325684,4.51648893345233,0.7549968957901,0.599398552604594,2.48017907142639,1.7705586657928,69.8514464242118,40.1485555338305,63.4065420334521,17.846399172596,92.1240860441594,,,,,,,,,,
,10.6000003814697,4.37382420277317,7.89601821322145,18.2128739863566,0.439581096172333,0.442101142021701,7.23045921325684,3.43143856942553,0.7549968957901,0.783979005769122,2.48017907142639,1.35994464901252,64.2307873562991,45.7692152880515,81.3667060826746,35.6318035188994,74.3555619348934,,,,,,,,,,
,10.6000003814697,4.4832491584632,8.06832890942243,17.3658006796093,0.439581096172333,0.596999381730375,7.23045921325684,2.82233752176807,0.7549968957901,0.865787065255885,2.48017907142639,1.25475652636384,58.0971439526327,51.862214528841,58.8051936761089,53.6017609276249,56.3576584052406,,,,,,,,,,
,10.6000003814697,4.38912240456561,8.21020239277755,16.4454132343799,0.439581096172333,0.551340828788574,7.23045921325684,4.22181559881384,0.7549968957901,0.641515873991415,2.48017907142639,1.69331256016885,66.8965083920226,43.1034932558228,34.5006597123178,34.0290960487054,75.9709061278778,,,,,,,,,,
,10.6000003814697,4.73453119618091,8.13799154780959,16.1670607044806,0.439581096172333,0.536836826166806,7.23045921325684,4.47925651801978,0.7549968957901,0.614377757006819,2.48017907142639,1.75994179570151,69.6850466157292,40.3149544971588,26.7835556499874,24.0802230143426,85.7526123021143,,,,,,,,,,
,,,,,,,,,,,,,,,,,,,,,,,,,,,
ID-007,,,,,,,,,,,,,,,,,,,,,,,,,,,
,,,,,,,,,,,,,,,,,,,,,,,,,,,
,10.8999996185303,4.896985020098,11.1227070098629,15.7529966489726,0.771429598331451,0.737531785747276,1.47085928916931,1.05661043845773,1.55466711521149,1.63770696717272,0.902741014957428,0.653285428495359,36.4063624161452,34.6973691613424,92.0293203852141,52.6463427488102,36.4063624161452,,,,,,,,,,
,10.8999996185303,5.0162666975975,9.88457661823428,16.4461100708486,0.771429598331451,0.60384651595056,1.47085928916931,1.06309266752302,1.55466711521149,1.55242200848162,0.902741014957428,0.673987779580557,45.1157358105977,33.3890377807617,90.4722001647949,64.3057656224569,43.2792300415039,,,,,,,,,,
,10.8999996185303,4.88526532742514,9.96501654656566,15.9780895044319,0.771429598331451,0.57717551242653,1.47085928916931,0.980593412058856,1.55466711521149,1.80691896585682,0.902741014957428,0.613160609050377,46.5997877421466,35.861725954274,83.4131282977204,71.9141606383063,38.0235705810598,,,,,,,,,,
,10.8999996185303,4.902053405343,10.8169531365667,15.505572611422,0.771429598331451,0.610569889752913,1.47085928916931,1.24413040226807,1.55466711521149,1.42835239687427,0.902741014957428,0.762045477156054,63.3928036060875,41.7887627947112,56.591549282679,55.4456554852264,54.1605308800189,,,,,,,,,,
,10.8999996185303,5.30724834111532,11.2158448350986,15.8449950718086,0.771429598331451,0.624859647054226,1.47085928916931,0.949372726185118,1.55466711521149,1.76619067949056,0.902741014957428,0.617903439239168,51.1606043052673,40.2000540606181,65.6035900815328,68.1920949808757,41.692724088033,,,,,,,,,,
,10.8999996185303,5.11484333360197,10.9600431770563,16.3926017745972,0.771429598331451,0.648460792469233,1.47085928916931,1.22315596921543,1.55466711521149,1.38885086994171,0.902741014957428,0.780938676916066,59.8609696515401,43.6165983963013,66.22152024587,60.117551835378,49.7165168253581,,,,,,,,,,
,10.8999996185303,5.07035382545667,10.4257540871297,17.6696030304836,0.771429598331451,0.73143761203386,1.47085928916931,1.9153306057158,1.55466711521149,1.2654331660132,0.902741014957428,0.914849743075251,70.1207887960035,39.4958039660786,62.4966373190135,43.4356159641101,66.2247705618012,,,,,,,,,,
,10.8999996185303,5.18791348304209,10.853138005555,15.7746421990101,0.771429598331451,0.741776020413825,1.47085928916931,1.48537130273518,1.55466711521149,1.2211670090811,0.902741014957428,0.919469012802039,75.3497847622127,34.3092345398,70.8554444209907,43.3514659392854,66.5410651652865,,,,,,,,,,
,10.8999996185303,5.0492971396088,9.81804002573973,16.0687345688172,0.771429598331451,0.543639469474852,1.47085928916931,1.97412717596218,1.55466711521149,1.2398096885108,0.902741014957428,0.924727733623308,70.0329153350677,38.7199290089297,84.4837855815091,42.0045899278134,67.9184571586189,,,,,,,,,,
,10.8999996185303,5.01064465123957,10.3892527786365,16.1292643636278,0.771429598331451,0.624414411233969,1.47085928916931,1.34101061308284,1.55466711521149,1.30700121184666,0.902741014957428,0.892161776044649,73.0526129604371,36.7288135686197,84.3137091770645,45.76555934307,64.1514489418219,,,,,,,,,,
,,,,,,,,,,,,,,,,,,,,,,,,,,,
ID-011,,,,,,,,,,,,,,,,,,,,,,,,,,,
,,,,,,,,,,,,,,,,,,,,,,,,,,,
,8.80000019073486,4.97597714150653,8.11220429233474,16.9291012908898,1.60854411125183,1.53280693650149,6.86518001556396,3.95344992996287,0.5901820063591,1.30920598556135,2.99970126152039,1.58206362993354,49.2677974950254,49.2003722970003,43.8023823320476,39.9221802256466,49.2677974950254,,,,,,,,,,
,8.80000019073486,5.30932847387968,8.04921032169491,17.3395695544368,1.60854411125183,1.56836167038356,6.86518001556396,5.34095541750923,0.5901820063591,1.09494497226213,2.99970126152039,2.35267191114068,50.0555266408087,49.5960529290357,44.0366802709388,40.8356822053977,50.0555266408087,,,,,,,,,,
,8.80000019073486,4.81516531665664,8.3718559388833,16.7571669572464,1.60854411125183,1.55494231058709,6.86518001556396,6.44599929919854,0.5901820063591,0.847641044528071,2.99970126152039,3.01308922344311,50.5902830395488,49.4861269824438,45.4019080254138,42.636639296911,50.5902830395488,,,,,,,,,,
,8.80000019073486,4.71637928268985,8.14356980174238,16.7751889105891,1.60854411125183,1.16241302784686,6.86518001556396,8.01349585874913,0.5901820063591,0.341481632159164,2.99970126152039,3.75714272805232,51.5170360809476,49.6467825790931,35.6245408332211,33.8393085179071,51.5170360809476,,,,,,,,,,
,8.80000019073486,4.81042417485017,7.93983852611278,17.4589495581554,1.60854411125183,1.2121143469866,6.86518001556396,8.55460934479898,0.5901820063591,0.46318440245741,2.99970126152039,3.46664026812086,52.0795801483204,50.3460315063377,32.9174757392721,29.2523415146994,52.0795801483204,,,,,,,,,,
,8.80000019073486,4.95235589972633,7.98733656670539,16.4463510434217,1.60854411125183,1.22558565632829,6.86518001556396,9.75391949962681,0.5901820063591,0.374970732674171,2.99970126152039,3.75553408260701,52.5659508574604,50.9494619323436,32.8852357541881,28.665942909253,52.5659508574604,,,,,,,,,,
,8.80000019073486,5.05288130291109,8.30533338245914,17.7048000332282,1.60854411125183,1.34868470702182,6.86518001556396,5.20805799339452,0.5901820063591,0.688274039307743,2.99970126152039,2.24970397994578,52.6139387239286,50.6747214340582,43.3633355179453,32.6542951010107,52.6139387239286,,,,,,,,,,
,8.80000019073486,4.74520774875093,8.25158933623401,16.6399548996973,1.60854411125183,1.1927559414434,6.86518001556396,11.2728407090873,0.5901820063591,0.42036008434283,2.99970126152039,4.11797401331858,54.4559727790083,51.5050124384931,42.8959793791103,32.9646082676935,54.4559727790083,,,,,,,,,,
,8.80000019073486,5.21383359887488,8.56279803940089,17.3525363549739,1.60854411125183,1.57174064812253,6.86518001556396,4.1034077742334,0.5901820063591,0.554429235579462,2.99970126152039,2.35496731766014,55.8468790624369,51.5771443639703,44.1104139657706,37.423149466322,55.9932202661172,,,,,,,,,,
,8.80000019073486,5.45934529188013,8.58798536582568,17.2678061430617,1.60854411125183,1.63949752700592,6.86518001556396,6.54504546241568,0.5901820063591,0.563760437224826,2.99970126152039,2.59632321891159,57.1000704004244,52.4963048879021,50.5417903564652,40.2686848469588,58.7070000117299,,,,,,,,,,
,,,,,,,,,,,,,,,,,,,,,,,,,,,
ID-012,,,,,,,,,,,,,,,,,,,,,,,,,,,
,,,,,,,,,,,,,,,,,,,,,,,,,,,
,9.39999961853027,4.62163827350285,7.14784886626951,15.3770385383257,1.96504974365234,1.14636113110128,5.36899042129517,5.23430982072255,0.508997023105621,0.265316972969956,3.5713415145874,4.08990962622251,63.1102595375282,36.8110579279075,40.6034518422804,52.9430221974658,55.7213034062524,,,,,,,,,,
,9.39999961853027,4.82041866423043,7.97512720615585,16.3933123853165,1.96504974365234,1.36679193036665,5.36899042129517,5.28215181787234,0.508997023105621,0.256642876164493,3.5713415145874,4.26445304098529,71.36707031938,26.5065970336373,28.6220714765662,48.6112003909985,61.3363785306037,,,,,,,,,,
,9.39999961853027,4.88417492770844,7.57308829626725,16.1574623190266,1.96504974365234,1.41097310225712,5.36899042129517,4.04322824050299,0.508997023105621,0.356226642708955,3.5713415145874,3.19938263267041,69.4029708788827,22.0672228370777,27.2325110182908,50.5897843558371,59.3116004356029,,,,,,,,,,
,9.39999961853027,5.08280326055711,7.57042258626418,15.631912875191,1.96504974365234,1.5111441815534,5.36899042129517,4.81093437062542,0.508997023105621,0.295104070087714,3.5713415145874,3.87766415456035,78.7295852661133,20.291602956095,24.0626522894829,41.270416755061,68.5643002356252,,,,,,,,,,
,9.39999961853027,6.09897899321862,8.45005660681042,16.8649823516944,1.96504974365234,1.38449685876561,5.36899042129517,6.04876725021589,0.508997023105621,0.238447852337278,3.5713415145874,4.88505356578528,92.5627735982226,14.4326498034698,18.0274060731558,24.9239463836966,85.0230027970667,,,,,,,,,,
,9.39999961853027,5.52908827908677,7.4171143572627,15.9016585432782,1.96504974365234,1.61150583570398,5.36899042129517,3.95807942134105,0.508997023105621,0.35065230799291,3.5713415145874,3.10618034849566,62.7823245229285,23.6740400245766,39.4009184120527,42.5434628312105,67.4565390730216,,,,,,,,,,
,9.39999961853027,5.34004956899137,7.70527862678434,16.1152461569533,1.96504974365234,1.57197545416947,5.36899042129517,4.1854444430975,0.508997023105621,0.390274481629713,3.5713415145874,3.26684953836194,49.8217013497638,33.1770498487684,45.15672247797,54.5914989634457,55.4085036122901,,,,,,,,,,
,9.39999961853027,4.83937375759034,8.22796294355236,16.364828290875,1.96504974365234,1.89063388615948,5.36899042129517,5.31017209327985,0.508997023105621,0.248856903570593,3.5713415145874,4.42397890242264,64.7541980229644,21.6946346783879,12.9924212405907,50.07719249918,59.8539758932711,,,,,,,,,,
,9.39999961853027,5.4463678019168,8.89256766998167,17.462954189252,1.96504974365234,2.30826153255318,5.36899042129517,6.71543403349288,0.508997023105621,0.209234196858259,3.5713415145874,6.04578843278604,83.2524684582726,8.46080643762351,15.2322234798286,34.7702269473318,75.1084400629593,,,,,,,,,,
,9.39999961853027,5.4463678019168,8.89256766998167,17.462954189252,1.96504974365234,2.30826153255318,5.36899042129517,6.71543403349288,0.508997023105621,0.209234196858259,3.5713415145874,6.04578843278604,83.2524684582726,8.46080643762351,15.2322234798286,34.7702269473318,75.1084400629593,,,,,,,,,,
,,,,,,,,,,,,,,,,,,,,,,,,,,,
ID-013,,,,,,,,,,,,,,,,,,,,,,,,,,,
,,,,,,,,,,,,,,,,,,,,,,,,,,,
,10.6999998092651,4.69362538548944,7.08646906096309,15.6139869372931,0.566408514976501,0.657472442560119,10.33997631073,7.30338335035096,0.346696853637695,0.290403632023018,4.92197847366333,4.22525240628457,41.3058516660808,38.239131082541,52.3243751153107,72.975701546436,36.4906207715261,,,,,,,,,,
,10.6999998092651,4.59993699936566,7.31232956109026,16.1559613159131,0.566408514976501,0.556912105684811,10.33997631073,6.76765166876582,0.346696853637695,0.283851943369078,4.92197847366333,3.98877372342282,47.3427460752127,33.8372419261778,37.6606780808654,64.7684512839371,41.4110146986263,,,,,,,,,,
,10.6999998092651,4.52412763122595,7.56830371698769,15.8540144735007,0.566408514976501,0.568683119868811,10.33997631073,6.41689382199132,0.346696853637695,0.318714369036409,4.92197847366333,3.6329939137888,49.593118572081,37.631298733836,34.643355648429,61.8896543043688,42.1972671225306,,,,,,,,,,
,10.6999998092651,5.2143752100417,7.64697551194449,16.6500423151984,0.566408514976501,0.495671728191623,10.33997631073,8.10936735478157,0.346696853637695,0.322180274411375,4.92197847366333,4.34798795652625,60.0880900284983,37.2164378516242,31.0228088497143,59.2912634496393,50.3798069043805,,,,,,,,,,
,10.6999998092651,4.80861603758693,7.59400164848059,17.3057124198028,0.566408514976501,0.603982161441759,10.33997631073,5.75057402556434,0.346696853637695,0.367451436230604,4.92197847366333,3.14229029066229,55.5272062214371,41.7117325340221,42.5627207039228,61.5537307028677,46.271534439785,,,,,,,,,,
,10.6999998092651,4.76143511833125,7.28342557895274,15.9326622315218,0.566408514976501,0.59667258857259,10.33997631073,4.11782013769597,0.346696853637695,0.463318627030222,4.92197847366333,2.36396325489948,51.9348536629713,49.6854811151519,62.3016654516904,66.9465524877301,42.0694195769215,,,,,,,,,,
,10.6999998092651,4.69704501821094,7.60132867266147,16.4666072948417,0.566408514976501,0.655691422736048,10.33997631073,3.05340696633689,0.346696853637695,0.643205149815153,4.92197847366333,1.78504974132386,41.1669112604795,52.7291612658121,87.6258222586556,75.2314067167394,31.6478522904604,,,,,,,,,,
,10.6999998092651,4.56421008554089,7.36311150003984,16.6367602356837,0.566408514976501,0.571087893807369,10.33997631073,7.35533106459119,0.346696853637695,0.428033695954508,4.92197847366333,3.20749279622918,48.2771602687339,60.7054603605022,59.4606480687081,56.548612615876,50.8040284933211,,,,,,,,,,
,10.6999998092651,4.56625895357286,7.3504950860036,16.0232345624856,0.566408514976501,0.725186811698184,10.33997631073,5.61849043372012,0.346696853637695,0.3857576687782,4.92197847366333,3.09719387328393,69.218979329162,38.7554066313206,18.1034159807895,43.572395324707,66.3242524050734,,,,,,,,,,
,10.6999998092651,4.59021931362922,7.61548871615623,17.2480274135529,0.566408514976501,0.514634389284399,10.33997631073,9.47843131951748,0.346696853637695,0.322213174077288,4.92197847366333,4.15580436858248,73.2737143485777,36.063680642651,4.8177212540954,17.4736974550567,87.552195555164,,,,,,,,,,
,,,,,,,,,,,,,,,,,,,,,,,,,,,
ID-014,,,,,,,,,,,,,,,,,,,,,,,,,,,
,,,,,,,,,,,,,,,,,,,,,,,,,,,
,8.60000038146973,4.85282437596893,8.44297472259668,15.8812009547029,4.20628118515015,2.02799229531065,2.57279706001282,4.80374539112366,1.55331432819366,0.406825621209188,1.66955125331879,2.73175648093601,62.4027711711352,47.5584172055691,25.6982764956317,19.3373553179487,76.3118217081963,,,,,,,,,,
,8.60000038146973,4.82653940014283,8.27485645688295,17.1658390875044,4.20628118515015,1.96843733751623,2.57279706001282,3.04286388288161,1.55331432819366,0.710665015989577,1.66955125331879,1.52080166545858,52.0981380450613,57.870292013752,29.8687577864349,20.418865248984,71.374296116152,,,,,,,,,,
,8.60000038146973,5.03991604136342,8.47919384135951,17.6402519699676,4.20628118515015,2.36740440203415,2.57279706001282,2.99316294552052,1.55331432819366,0.643662119007551,1.66955125331879,1.61390638789279,45.7280993731226,64.269597751451,34.8464398237731,22.5493694761458,70.3077037731164,,,,,,,,,,
,8.60000038146973,5.01333605661773,9.10457759423061,17.1095792217714,4.20628118515015,2.79087720174789,2.57279706001282,3.7365970972786,1.55331432819366,0.531406144907472,1.66955125331879,2.10066298205948,64.1047795043945,45.8952225463867,33.6547011779785,20.1428842468262,89.2101349609375,,,,,,,,,,
,8.60000038146973,5.30888939767543,8.76619511579494,16.8515886694746,4.20628118515015,2.17227053810814,2.57279706001282,3.60390447387076,1.55331432819366,0.55835481033577,1.66955125331879,2.04967905269987,66.2763168334961,43.7236858119809,36.2010292239305,15.4900184925979,94.0092213824513,,,,,,,,,,
,8.60000038146973,5.19435368122395,8.49065756648298,16.986001648581,4.20628118515015,2.41611981546381,2.57279706001282,3.50097298066333,1.55331432819366,0.577647352609123,1.66955125331879,1.97827575569943,79.2186125727712,30.7813888592735,39.3553961542258,23.6847231763735,79.6417720831475,,,,,,,,,,
,8.60000038146973,5.09168446862581,8.62104212351985,16.3454191166993,4.20628118515015,2.17706179983215,2.57279706001282,2.99039086192172,1.55331432819366,0.719552872892238,1.66955125331879,1.62858258594298,70.0558313845045,39.9441701771758,54.3941987108644,35.4820488031628,68.47693801312,,,,,,,,,,
,8.60000038146973,5.61813503740685,8.1161784509217,16.8530354063918,4.20628118515015,1.83932676524404,2.57279706001282,3.64134854720146,1.55331432819366,0.546930052323737,1.66955125331879,1.98691996557057,62.484485055856,47.5155161646018,52.1278934172112,31.8817346425685,77.0587612041707,,,,,,,,,,
,8.60000038146973,5.48116286981377,8.27265150596725,17.8445668278767,4.20628118515015,1.97509128160411,2.57279706001282,2.5664996136594,1.55331432819366,0.804005630865254,1.66955125331879,1.3868821731666,58.649820271843,51.3501825363706,72.4207631834943,41.9676537653522,66.8304524437224,,,,,,,,,,
,8.60000038146973,5.48127673183058,8.22302428401398,16.8059271946849,4.20628118515015,2.06829792651255,2.57279706001282,3.24703123685805,1.55331432819366,0.660448454557689,1.66955125331879,1.68329959543488,62.2784085073132,47.7215928568423,65.2290260537157,31.7751022172206,77.296564750301,,,,,,,,,,
,,,,,,,,,,,,,,,,,,,,,,,,,,,
ID-015,,,,,,,,,,,,,,,,,,,,,,,,,,,
,,,,,,,,,,,,,,,,,,,,,,,,,,,
,8.89999961853027,5.56336688645475,8.88611199525264,19.215349133309,1.56145870685577,1.38082840754227,1.99685657024384,2.37896738236985,1.31090617179871,0.618120907530096,1.14388978481293,1.84782569650513,59.8536297748615,31.958946305436,38.3688768968954,44.961720782441,59.0542190229738,,,,,,,,,,
,8.89999961853027,5.71548227423238,8.88030806156895,20.0523404034954,1.56145870685577,1.5259249231152,1.99685657024384,1.84069766350329,1.31090617179871,0.829006381086288,1.14388978481293,1.30843588779243,60.6228058353547,33.0101291810313,45.062535162895,49.3523667673911,57.3174264661727,,,,,,,,,,
,8.89999961853027,4.49721121166992,8.87998884278868,21.9168879707947,1.56145870685577,2.17279119355202,1.99685657024384,1.95137273826597,1.31090617179871,1.09307752702761,1.14388978481293,1.03443589585639,51.0665323120117,55.7515897521973,65.9657523193359,50.5477284912109,52.1403578308105,,,,,,,,,,
,8.89999961853027,4.91538667792186,8.92514904628274,18.8676418013354,1.56145870685577,2.2086442255766,1.99685657024384,2.36561973250798,1.31090617179871,0.959945034426292,1.14388978481293,1.20299460907369,50.2836934798493,55.9743277403141,74.8396489646658,53.7100583785309,54.7021060284646,,,,,,,,,,
,8.89999961853027,5.22458267357338,9.27202087710027,18.381040103294,1.56145870685577,2.1560023809723,1.99685657024384,2.09328406263315,1.31090617179871,0.760123021813117,1.14388978481293,1.59486069753695,70.7941230357554,31.1209900842241,65.2111594810914,49.2047885080402,60.5575880047598,,,,,,,,,,
,8.89999961853027,5.6593855234346,9.09501935375886,18.5972338157317,1.56145870685577,1.73710535757099,1.99685657024384,2.06416942834275,1.31090617179871,0.621684446151221,1.14388978481293,1.69572951407876,94.1231180867841,4.28238787266516,35.6745369941958,25.740449717737,84.0394894015405,,,,,,,,,,
,8.89999961853027,5.1762942210041,8.92858202110913,18.8458681394664,1.56145870685577,1.78195413285321,1.99685657024384,2.47256004739228,1.31090617179871,0.581178975192012,1.14388978481293,1.87520202412292,83.1954599362094,16.2315828140909,29.5989467706711,19.7524237387433,90.2475772501955,,,,,,,,,,
,8.89999961853027,5.6412362012564,9.03037823393774,18.8638597995154,1.56145870685577,1.81947901233205,1.99685657024384,3.054792645578,1.31090617179871,0.498772779774075,1.14388978481293,2.14407633081134,72.9586731463781,23.1058908863701,28.3610696651839,22.700434065393,87.2158438481968,,,,,,,,,,
,8.89999961853027,4.68099614934111,7.67935329811914,18.88744025884,1.56145870685577,1.30938335022295,1.99685657024384,3.1119657882346,1.31090617179871,1.08134518152556,1.14388978481293,1.2424341985733,35.3484380328057,74.5273946003564,80.961146976957,45.5199791381718,64.2438989808661,,,,,,,,,,
,8.89999961853027,6.02137915816021,8.76958991585665,18.8160814038468,1.56145870685577,1.35307809319555,1.99685657024384,2.74782599004024,1.31090617179871,0.630990372143644,1.14388978481293,2.04993885451752,52.3753942936025,51.6963783389595,58.8295976797432,49.3811407476606,60.6086179486096,,,,,,,,,,
,,,,,,,,,,,,,,,,,,,,,,,,,,,
ID-019,,,,,,,,,,,,,,,,,,,,,,,,,,,
,,,,,,,,,,,,,,,,,,,,,,,,,,,
,10.6000003814697,4.73440008262495,10.3933388301623,16.7000007629395,0.535761773586273,0.660591861305558,3.81538319587708,2.6670149601019,0.595854222774506,0.744581529269648,1.67826294898987,1.4097820704846,64.8286007244174,45.0640822736163,59.2259283436335,47.2445124150213,62.7230779226406,,,,0.00255615084984994,0.262096881866455,0.385006927191333,0.280332971495917,0.32047731626149,0.229655808612826,10.3105440139771
,10.6000003814697,4.24171675582323,10.0793194112647,16.7000007629395,0.535761773586273,0.638569156036319,3.81538319587708,1.9374640180419,0.595854222774506,0.993979066107628,1.67826294898987,1.05971301027097,68.1915998895514,38.6994666684687,72.3515129699043,51.7307154183793,58.1737247996562,,,,0.0142629797403679,0.262096881866455,0.550030624675282,0.246405978060756,0.30583753516949,0.297352646728912,10.3105440139771
,10.6000003814697,4.67564203820792,10.402409904047,16.6962892018042,0.535761773586273,0.665580345966973,3.81538319587708,2.18981285318962,0.595854222774506,0.863792563376156,1.67826294898987,1.28830209469267,55.5696509343055,50.443556394882,75.8724811460707,63.8273344696053,46.0453413861165,,,,0.0523996554493158,0.262096881866455,0.510308789466442,0.233999149948926,0.342960260178118,0.285207559586484,10.3105440139771
,10.6000003814697,4.4478982493847,10.9121438245965,16.7000007629395,0.535761773586273,1.05787529740595,3.81538319587708,2.36456397542914,0.595854222774506,0.848394210114111,1.67826294898987,1.26999810610178,60.533877994398,46.3611843713127,61.0753527756758,55.0174407419315,54.8807245995918,,,,0.0867640685811733,0.262096881866455,0.44086571649316,0.271006347993522,0.328182882170755,0.262404434640877,10.3105440139771
,10.6000003814697,5.00800059639004,9.89076094953509,16.6843805331545,0.535761773586273,0.926239355329556,3.81538319587708,2.41440043629309,0.595854222774506,0.705554114987326,1.67826294898987,1.44409493594192,79.0168332860605,30.8146011530597,48.1516243013236,40.9727660560395,68.888261594303,,,,0.0932216749530831,0.262096881866455,0.419967453096581,0.24291534561122,0.36393523926419,0.254253808370988,10.3105440139771
,10.6000003814697,4.87250358783035,9.67221899624296,16.6883815024586,0.535761773586273,0.66654882796877,3.81538319587708,4.58085630298159,0.595854222774506,0.5002077980776,1.67826294898987,2.21404175312203,82.678531628514,27.3214716982028,35.0378365534693,22.8016897864492,85.7708482599634,,,,0.0940643117068418,0.262096881866455,0.249232820474015,0.317760335482585,0.305450976903435,0.151420943277778,10.3105440139771
,10.6000003814697,4.82733584533484,10.9139233333189,16.6980114502703,0.535761773586273,1.04043405750194,3.81538319587708,2.62233298284801,0.595854222774506,0.712054171912814,1.67826294898987,1.4370664979581,81.8251368969101,27.8556089377586,31.873331492375,35.798818395439,72.7051374296186,,,,0.096597081904275,0.262096881866455,0.395699468710713,0.276302031109156,0.35118789655078,0.246480519314724,10.3105440139771
,10.6000003814697,4.33148087101202,10.5193989434084,16.7000007629395,0.535761773586273,0.757248674237469,3.81538319587708,2.96233195066362,0.595854222774506,0.791338961234093,1.67826294898987,1.4448864243246,59.8113504410743,48.0797366068937,82.208925082003,56.7137862157474,50.094154384953,,,,0.110069749823239,0.262096881866455,0.440892351024923,0.263313788836472,0.314476397005555,0.248337812596768,10.3105440139771
,10.6000003814697,4.82955013338922,10.1136206108622,16.4414040412977,0.535761773586273,0.902386072124635,3.81538319587708,2.05789921497422,0.595854222774506,1.02646655663677,1.67826294898987,1.11009658946865,49.3836042616867,60.4960777250862,66.293447105567,66.2202818293153,43.6365568507964,,,,0.127353183381979,0.262096881866455,0.522582317574884,0.260695521937447,0.30686062794095,0.291288021168166,10.3105440139771
,10.6000003814697,4.71530380915638,10.8433504390515,16.6995321349804,0.535761773586273,0.953070233509042,3.81538319587708,3.82236867879271,0.595854222774506,0.671075896730992,1.67826294898987,1.80547958398308,46.2075945166886,61.968754871179,57.1587840489962,65.7526475731976,43.9635090792649,,,,0.149307243845369,0.262096881866455,0.393290780715719,0.275642212179972,0.335965724425208,0.233212144215603,10.3105440139771
,,,,,,,,,,,,,,,,,,,,,,,,,,,
ID-023,,,,,,,,,,,,,,,,,,,,,,,,,,,
,,,,,,,,,,,,,,,,,,,,,,,,,,,
,10.8999996185303,5.02126836909817,10.0536010477986,17.7136179573987,0.555961132049561,0.505013767572171,1.18788290023804,1.71377360853977,1.40057969093323,1.10613306345662,0.713990092277527,0.989552357630432,55.1773236314611,38.0753353548574,40.3690039130124,44.4526684976495,55.1773236314611,,,,0.178414574355108,0.841833829879761,0.653067968290008,0.217672797857571,0.322398612620211,0.342026437309076,10.128173828125
,10.8999996185303,5.54323588946239,9.80917190887003,18.8194269988153,0.555961132049561,0.568671178436912,1.18788290023804,1.34759284488287,1.40057969093323,1.17743443592477,0.713990092277527,0.895369426261339,62.4179988445897,31.3802023138362,43.9322097548711,54.5017850335097,55.4020132531876,,,,0.2397343010201,0.841833829879761,0.780935635751985,0.164458370020313,0.340498058867967,0.385831234562654,10.128173828125
,10.8999996185303,4.91817859854955,10.0557691406608,18.2264101295758,0.555961132049561,0.423859346023876,1.18788290023804,1.88935858380884,1.40057969093323,1.02849142691299,0.713990092277527,1.1510505860107,67.217754649356,35.2086209256363,50.473874492172,50.7863167735325,58.8664399887841,,,,0.307609280620369,0.841833829879761,0.627298253596619,0.209036997520923,0.336104128269722,0.328795577123211,10.128173828125
,10.8999996185303,5.40397871546365,9.0297338974748,16.8683916457977,0.555961132049561,0.362756055160343,1.18788290023804,3.72804845693486,1.40057969093323,0.572670535639668,0.713990092277527,2.04818005804511,83.2136954003669,26.6811607241968,43.0761858291697,27.2905560835687,82.7035201124075,,,,0.338750460592165,0.841833829879761,0.327362806692761,0.28352039141426,0.368468282495295,0.204003836166539,10.128173828125
,10.8999996185303,4.99057519798054,10.0852092748246,17.9387788649501,0.555961132049561,0.440275629014979,1.18788290023804,2.13394795540033,1.40057969093323,0.912265050393235,0.713990092277527,1.25289563903318,83.6091915923372,24.6043891683186,41.2311314605028,29.1973415362007,76.7789526775678,,,,0.348645141688832,0.841833829879761,0.547418375282024,0.231221247774638,0.351044133473046,0.304435004587928,10.128173828125
,10.8999996185303,5.39532048287469,10.461054907724,19.0755389382417,0.555961132049561,0.464150542307826,1.18788290023804,1.31780427091507,1.40057969093323,1.24791322703475,0.713990092277527,0.866153081753532,49.4454849357882,46.543474251972,79.1360712397477,69.696135350102,39.5195566765037,,,,0.428218916617118,0.841833829879761,0.814794443775299,0.171614766004127,0.332327463427436,0.399444531141451,10.128173828125
,10.8999996185303,5.09460910631126,10.0895593469257,18.5573220937552,0.555961132049561,0.454083515732818,1.18788290023804,2.11032981940566,1.40057969093323,1.02997656765001,0.713990092277527,1.11870919578404,45.3275831146489,57.2950889201554,83.9594090773982,72.5307441516989,36.4352117987108,,,,0.479153987217962,0.841833829879761,0.617941611785023,0.239952096965018,0.324922192576913,0.324611431430525,10.128173828125
,10.8999996185303,5.09490754070467,10.26421186775,18.8025648505896,0.555961132049561,0.51287051883402,1.18788290023804,2.33551659915975,1.40057969093323,0.763821020461254,0.713990092277527,1.38248690257924,52.5996112062046,56.5574067877255,80.0365902882724,66.1246279367254,43.8100391653875,,,,0.533144533241782,0.841833829879761,0.451799719570512,0.248112162355279,0.362858144733589,0.27231423172431,10.128173828125
,10.8999996185303,4.89940992967292,10.3331008494312,18.8480164987904,0.555961132049561,0.532527465487121,1.18788290023804,3.21695008094692,1.40057969093323,0.684664895503895,0.713990092277527,1.72286557520167,71.4277633605675,38.5677265392929,51.3651735707948,42.6421151549002,67.3533330124033,,,,0.539192074348281,0.841833829879761,0.392343851703668,0.271742825447558,0.344883607081832,0.234614488751487,10.128173828125
,10.8999996185303,4.80973113067951,10.2565771945388,17.6353633798634,0.555961132049561,0.513334364553643,1.18788290023804,2.68951085038258,1.40057969093323,0.701842867577292,0.713990092277527,1.65406058819099,84.9845019515974,24.9774654308934,30.9308891401874,26.4408725468881,83.5244570748145,,,,0.555231039174249,0.841833829879761,0.425677138936542,0.226609001261002,0.382345919014384,0.249253557746355,10.128173828125
,,,,,,,,,,,,,,,,,,,,,,,,,,,
ID-026,,,,,,,,,,,,,,,,,,,,,,,,,,,
,,,,,,,,,,,,,,,,,,,,,,,,,,,
,10.3000001907349,4.77587801548253,10.0198937236642,18.4155618433255,0.739800155162811,0.900381166378565,2.96515130996704,4.87803134956927,0.633480489253998,0.494243848978101,1.57858061790466,3.56507260034411,61.4274254818393,43.7810020423885,66.6151112372516,54.0807864558736,54.9294753638978,,,,0.0676460004616352,0.337250918149948,0.278660556830303,0.202491942226253,0.456279789681864,0.155311757467276,10.2042903900146
,10.3000001907349,4.97113170133911,9.33550983638932,17.6174007139024,0.739800155162811,0.879387098951284,2.96515130996704,5.39835434099246,0.633480489253998,0.554861371310501,1.57858061790466,3.75183363802759,71.6300071020963,37.13342811728,47.4652018984704,40.7634256323173,67.831915264896,,,,0.0834018142505639,0.337250918149948,0.284651707441275,0.237041482465857,0.452385594541412,0.174638660082614,10.2042903900146
,10.3000001907349,5.60214548890392,10.1953150883602,18.8712793003098,0.739800155162811,0.859970487382773,2.96515130996704,5.6197095398799,0.633480489253998,0.318137758512122,1.57858061790466,4.40878519402513,94.524971039126,14.9084708784124,15.9236599590443,22.795995781992,87.1571602871299,,,,0.0893097011795426,0.337250918149948,0.222341215230682,0.176494808473028,0.579958326343278,0.158075280951964,10.2042903900146
,10.3000001907349,4.99207251920633,10.083670376414,17.0849672067748,0.739800155162811,0.948358481281284,2.96515130996704,4.33495594357746,0.633480489253998,0.450126985139465,1.57858061790466,3.04690930649291,76.8497608166757,33.129311179056,26.5282602863896,25.1980654514701,84.8019368561711,,,,0.0937784984989033,0.337250918149948,0.272654132410454,0.177630101118537,0.434484578018042,0.137390698965596,10.2042903900146
,10.3000001907349,4.61322342179973,9.63476320408025,18.1267546752406,0.739800155162811,0.887602837697071,2.96515130996704,3.54450853853675,0.633480489253998,0.583547359249653,1.57858061790466,2.32577604856661,71.4413119351907,38.5507173165018,45.2896244659551,35.6045189648766,74.3954827390705,,,,0.0969666572620799,0.337250918149948,0.337576544482843,0.240831710727812,0.41605498153262,0.210937697260327,10.2042903900146
,10.3000001907349,5.49926007178682,10.6250080115019,18.382604198567,0.739800155162811,1.20972938836545,2.96515130996704,5.34947158247206,0.633480489253998,0.311347168671544,1.57858061790466,4.37190319138099,79.4175608802003,29.3910782024024,32.402679196943,37.9034352839104,71.9551843549313,,,,0.10588966593312,0.337250918149948,0.229531574575683,0.155373287227508,0.601813387939012,0.16442175199697,10.2042903900146
,10.3000001907349,5.3642127431085,10.6748270522298,18.4964350918907,0.739800155162811,1.20166925570766,2.96515130996704,3.80972209001614,0.633480489253998,0.438216242373877,1.57858061790466,3.08000811634291,81.4184362890407,25.3778791226037,40.7402495596058,35.1615082613905,74.6779890902169,,,,0.108732073703424,0.337250918149948,0.315011854369392,0.14945629722185,0.553552277230882,0.207464836612989,10.2042903900146
,10.3000001907349,5.16680285492155,10.0828194395658,16.8898470852628,0.739800155162811,1.19483180038712,2.96515130996704,4.81269920577317,0.633480489253998,0.39908237954347,1.57858061790466,3.08316628636881,83.4986888356581,20.8592845958659,21.6843533250301,19.7549668903374,90.1698203452312,,,,0.110249392688274,0.337250918149948,0.239406628983489,0.246790621109259,0.483684574543653,0.168719206744009,10.2042903900146
,10.3000001907349,4.9355934227498,9.67250765186603,16.5327001621241,0.739800155162811,0.909122945289717,2.96515130996704,3.71775304127159,0.633480489253998,0.615135992809547,1.57858061790466,2.51199530168032,42.9324000234355,66.5108230255419,77.7027899665776,33.3205521270799,76.3745805858445,,,,0.119312882851494,0.337250918149948,0.345626714525543,0.140922619488981,0.328110132646179,0.120149337600209,10.2042903900146
,10.3000001907349,4.77601476144551,9.21818863468562,18.1929354574567,0.739800155162811,0.805549009493517,2.96515130996704,4.46116314363459,0.633480489253998,0.483869294815924,1.57858061790466,2.79017797847658,47.899178653788,60.1615018244516,73.5862467609255,55.4533850679728,53.4537945473737,,,,0.125787520266453,0.337250918149948,0.267740018910975,0.210329183057524,0.400257476673246,0.135783814498364,10.2042903900146
,,,,,,,,,,,,,,,,,,,,,,,,,,,
ID-028,,,,,,,,,,,,,,,,,,,,,,,,,,,
,,,,,,,,,,,,,,,,,,,,,,,,,,,
,8.89999961853027,5.51391294463467,7.86249646544776,16.2221060497199,1.62604153156281,1.31874323904609,3.94841384887695,5.29055207797167,0.27673152089119,0.218134415091822,3.6136109828949,4.81576969901343,82.2604122639165,21.99469761073,21.6414409805853,37.7395896284984,72.1927870723756,,,,0.0,0.253266245126724,0.198746105397879,0.0713061669059901,0.734178341655458,0.158872393706845,9.00211048126221
,8.89999961853027,5.07160521581039,7.73321641438636,17.6778664549102,1.62604153156281,1.27332592169033,3.94841384887695,5.91139959437989,0.27673152089119,0.215887983443109,3.6136109828949,5.24529414882652,83.6696268347036,19.2371395535154,23.6047747026738,36.2338036764173,73.6850455856024,,,,0.0,0.253266245126724,0.193461407142242,0.086659960792684,0.720613417449656,0.153395839917656,9.00211048126221
,8.89999961853027,4.76555992170653,7.4481568683519,16.2120077520271,1.62604153156281,1.11266237221421,3.94841384887695,5.60860772202137,0.27673152089119,0.201538843556375,3.6136109828949,5.08386960582146,92.0486072232341,12.9611046090344,18.6728794934488,19.0264825295591,90.9735183888336,,,,0.0,0.253266245126724,0.182031462752891,0.0775260319771946,0.743801726156138,0.149033778503937,9.00211048126221
,8.89999961853027,4.99297701783073,7.79819819068211,17.0878678478565,1.62604153156281,1.18509178356689,3.94841384887695,6.60435006191087,0.27673152089119,0.17849159646732,3.6136109828949,5.83769169092029,93.7571270600396,14.8145754741424,16.4317043732134,20.3003769876626,89.618781241337,,,,0.0,0.253266245126724,0.156670339406271,0.0978522086855646,0.730929515655444,0.129125325593433,9.00211048126221
,8.89999961853027,5.13526962821759,8.73005198883125,18.007771100769,1.62604153156281,1.3200921489193,3.94841384887695,5.96191573383144,0.27673152089119,0.19218358906325,3.6136109828949,5.40669397214655,84.8562230514545,14.9575539664104,17.6147365881588,35.1437795274094,74.6062810077053,,,,0.0,0.253266245126724,0.173867112923008,0.0770019783795711,0.744696966971263,0.14216122859843,9.00211048126221
,8.89999961853027,4.92525256116032,8.21182169199528,16.4040747339089,1.62604153156281,1.05607140914283,3.94841384887695,7.55696312770564,0.27673152089119,0.15392077598072,3.6136109828949,6.75435243680591,93.7624280642887,13.625257655183,15.0129711976923,25.5301120954881,84.3002353164889,,,,0.0,0.253266245126724,0.137730459308149,0.088584372799508,0.753427557820556,0.11527579273716,9.00211048126221
,8.89999961853027,5.45092788268634,7.80809987607784,16.9388118809376,1.62604153156281,1.01667413238394,3.94841384887695,8.75018409167216,0.27673152089119,0.13872124150352,3.6136109828949,7.57668378959169,95.9401332267408,10.8791976052934,8.36201424331485,18.991066520831,91.0089327428416,,,,0.0,0.253266245126724,0.121138244496116,0.109519468283922,0.744137908529521,0.102853655385113,9.00211048126221
,8.89999961853027,5.29393568661527,7.89269963543709,16.763345461839,1.62604153156281,1.15360448845834,3.94841384887695,6.25121211286441,0.27673152089119,0.190312161672854,3.6136109828949,5.38504669812543,90.911687774971,15.449128056736,11.1775757797436,28.5394628267553,81.2963644259129,,,,0.0,0.253266245126724,0.165008007710817,0.109442591334452,0.698452251322748,0.132889370071652,9.00211048126221
,8.89999961853027,4.94286323345417,8.39414714097288,16.9812833598806,1.62604153156281,1.52954987779913,3.94841384887695,7.25669337071271,0.27673152089119,0.179233401148251,3.6136109828949,5.98215945013635,80.968330818135,26.4810668639141,19.3695052254658,38.7892582071034,70.7716312011003,,,,0.0,0.253266245126724,0.143695234791276,0.149236346816651,0.667114587718604,0.116308441034382,9.00211048126221
,8.89999961853027,4.4867871460168,8.29566451388328,16.8585248398717,1.62604153156281,1.13298820654635,3.94841384887695,8.87961262018028,0.27673152089119,0.133188881461657,3.6136109828949,7.74618886801475,80.6241338536142,27.8399330525423,19.1298532671607,39.3758652673053,70.2448103483463,,,,0.0,0.253266245126724,0.115127456375691,0.109086729051626,0.73418516650726,0.0967706453980592,9.00211048126221
,,,,,,,,,,,,,,,,,,,,,,,,,,,
ID-030,,,,,,,,,,,,,,,,,,,,,,,,,,,
,,,,,,,,,,,,,,,,,,,,,,,,,,,
,8.69999980926514,5.41677649085148,8.69866997407879,18.1762331581537,2.19338035583496,1.4244081286439,0.71126914024353,1.70827771753904,2.07235670089722,1.79845537593899,0.482542425394058,0.562770122989389,56.0929831611584,53.1937702929943,47.4072849070546,43.6672541706078,56.3782253118858,,,,0.0843603165283278,1.40593755245209,1.2447503937884,0.120385474909751,0.267723401927091,0.480461854215184,9.98869800567627
,8.69999980926514,5.44319138396576,8.6781875528081,18.3680659654731,2.19338035583496,1.93207034099823,0.71126914024353,2.26459972519726,2.07235670089722,1.94084973826227,0.482542425394058,0.544249452318987,46.4767179668756,53.9985441346383,67.8826138341935,48.3775694914276,46.9595360630716,,,,0.192980324743937,1.40593755245209,1.21758033030456,0.141918052192609,0.253887943529986,0.476697514698742,9.98869800567627
,8.69999980926514,5.50483474839769,9.04878317583188,18.8642684910722,2.19338035583496,2.43904327272614,0.71126914024353,5.34567216102196,2.07235670089722,2.2902478265412,0.482542425394058,0.461448449586901,36.5109032331806,54.1299138134414,92.8927883264145,67.2995425611769,35.4929208904041,,,,0.348115614227511,1.40593755245209,1.49553108412526,0.130561257419547,0.231429518675087,0.532149869956404,9.98869800567627
,8.69999980926514,6.27991808196759,9.46003708218233,20.9055329814439,2.19338035583496,2.90316743240033,0.71126914024353,0.66758168627191,2.07235670089722,2.23977605746438,0.482542425394058,0.463653767594917,35.8698356903731,51.8529750863106,86.9800282051683,82.664072084534,26.9776759376987,,,,0.563345513106638,1.40593755245209,1.57409433707958,0.10971572101173,0.251606836147273,0.551765949557665,9.98869800567627
,8.69999980926514,5.78815807692265,10.9835536109827,20.1651045455144,2.19338035583496,3.6004219004259,0.71126914024353,0.708303155834465,2.07235670089722,2.17141635685108,0.482542425394058,0.502264741363827,36.922458620572,49.7460067845847,75.5934692516917,83.0184252571045,26.852035994526,,,,0.728469579987829,1.40593755245209,1.5496885910302,0.105362152160937,0.258248125702708,0.535074729196354,9.98869800567627
,8.69999980926514,5.99860759279106,9.61354221958758,19.9402789314849,2.19338035583496,2.460425818124,0.71126914024353,0.79097903772968,2.07235670089722,2.03954433110585,0.482542425394058,0.535439778908969,37.7986752691346,50.1052431902492,76.6938435342508,81.5309550428369,28.1751823086748,,,,0.882405754499069,1.40593755245209,1.33381863983738,0.126564028465971,0.263993333862951,0.503357887043145,9.98869800567627
,8.69999980926514,5.84619696186837,9.74158233703009,19.6154852039602,2.19338035583496,2.50272365185446,0.71126914024353,0.756509406992973,2.07235670089722,1.99715268845088,0.482542425394058,0.517586653361199,52.3905721701121,48.9604420722966,74.9114371918084,67.4220636801324,42.3773766144624,,,,1.07403005195513,1.40593755245209,1.3560017123241,0.121655162090572,0.263915745214123,0.515016108836957,9.98869800567627
,8.69999980926514,6.18876636596369,9.35522767266406,22.5138829672284,2.19338035583496,3.00935553833248,0.71126914024353,0.709627070707102,2.07235670089722,2.13760546439603,0.482542425394058,0.494245572085284,53.7808327693399,48.717291250225,84.222411100224,65.8864271617649,44.0029415184704,,,,1.24269142675155,1.40593755245209,1.48197856942059,0.113423853841048,0.260240073162829,0.538430938353884,9.98869800567627
,8.69999980926514,6.47913773885704,8.93056682158958,20.103261955129,2.19338035583496,2.32800507395383,0.71126914024353,0.635884717377186,2.07235670089722,2.24057785443702,0.482542425394058,0.47111648362973,43.3455022749518,46.576843871456,97.6186250311254,75.656675012503,34.2665522508134,,,,1.41574617440269,1.40593755245209,1.62199019153652,0.0925048837266413,0.260312277375746,0.561969913668128,9.98869800567627
,8.69999980926514,5.8549727369893,9.7950259908383,20.7155631038848,2.19338035583496,2.43516854510728,0.71126914024353,0.717899771393579,2.07235670089722,2.02698516496126,0.482542425394058,0.506619880970709,37.648055698934,46.1486311471994,92.2667732759618,81.5950885069675,28.2443274721,,,,1.57235884375574,1.40593755245209,1.41832271297455,0.108835901246115,0.259811062213592,0.517658659542465,9.98869800567627
,,,,,,,,,,,,,,,,,,,,,,,,,,,
ID-034,,,,,,,,,,,,,,,,,,,,,,,,,,,
,,,,,,,,,,,,,,,,,,,,,,,,,,,
,10.1999998092651,4.7577472698234,9.51014990669427,19.5955187567475,0.658770680427551,0.5986863324589,3.68580651283264,4.00154784028236,0.524178922176361,0.524566466404505,1.90774548053741,2.17546954990068,54.9712848345388,54.5197768259291,47.599831458502,40.0343225516726,66.3564561077372,,,,0.0122979104720428,0.271311044692993,0.26446613869878,0.30261880755155,0.365327837867323,0.17407647948208,9.72789287567139
,10.1999998092651,4.35695760776686,9.48358365314825,19.241755940209,0.658770680427551,0.600399371409925,3.68580651283264,4.3893744033553,0.524178922176361,0.517941304859605,1.90774548053741,2.15059088448925,65.8894050532388,44.0436732654962,39.6533574262994,26.19201528525,83.1685065051014,,,,0.013509239119425,0.271311044692993,0.253546100136928,0.319564917797366,0.332401639112854,0.162440579522982,9.72789287567139
,10.1999998092651,4.4852431163591,9.26421123227054,18.7025520728433,0.658770680427551,0.579647882423089,3.68580651283264,3.55076970711624,0.524178922176361,0.52455207848816,1.90774548053741,2.09356100940672,82.4573975921568,27.2104557542438,42.3251787885584,31.0575872893569,78.8923724444939,,,,0.0140536123886774,0.271311044692993,0.296247119987763,0.263703396265557,0.383137414268627,0.189332275070367,9.72789287567139
,10.1999998092651,4.94616183489735,8.27626185708825,18.1364107616634,0.658770680427551,0.513174754342627,3.68580651283264,3.95500333530251,0.524178922176361,0.49266516160029,1.90774548053741,2.30874740977223,83.396986186193,24.6487396201722,30.284729591288,17.3100111436146,92.6899894670078,,,,0.0142185316969364,0.271311044692993,0.279173867944892,0.274722501509585,0.392846451834167,0.181377766972213,9.72789287567139
,10.1999998092651,4.65049213578281,9.39748247986226,19.7168652126544,0.658770680427551,0.595651132195995,3.68580651283264,4.35837056382657,0.524178922176361,0.509109904390495,1.90774548053741,2.17800316645124,44.1420361978169,65.6699767858324,47.7815891530942,17.3345103114363,92.6654907274081,,,,0.0155278226719772,0.271311044692993,0.239668908568536,0.329115415292895,0.331565979117232,0.156750181970965,9.72789287567139
,10.1999998092651,4.50566476136426,9.30982398275389,19.3700619669892,0.658770680427551,0.587085386410552,3.68580651283264,4.16266793910915,0.524178922176361,0.522278641527676,1.90774548053741,2.06338171340651,24.1764745277967,85.6700868378439,56.1457704710382,32.6053236778502,77.3323446197349,,,,0.0155299780890346,0.271311044692993,0.256562204284783,0.311286186253613,0.328670780407351,0.16332252526675,9.72789287567139
,10.1999998092651,4.46488195657608,9.59883317893335,19.13342783882,0.658770680427551,0.640036721293062,3.68580651283264,4.79614637307538,0.524178922176361,0.485813779077127,1.90774548053741,2.27077889891463,28.2574977772061,81.7083352516703,35.7138456601588,17.8647055155695,92.13529539869,,,,0.0157413079964705,0.271311044692993,0.220048113517855,0.336763867058171,0.314999179842309,0.142168173531718,9.72789287567139
,10.1999998092651,4.37238468553322,9.29916769941688,19.5217570540987,0.658770680427551,0.641534464626945,3.68580651283264,4.8360063174513,0.524178922176361,0.53718627116222,1.90774548053741,2.01674762400657,28.5146102475633,81.4796120718837,47.707962251822,20.7083060030714,89.2423682676867,,,,0.0166750560114667,0.271311044692993,0.231153072437234,0.365084394263231,0.28244923937193,0.146834519951767,9.72789287567139
,10.1999998092651,4.47829950344355,9.56194283667961,20.5717545341082,0.658770680427551,0.621541768419649,3.68580651283264,4.94405837154316,0.524178922176361,0.515458930344054,1.90774548053741,2.28588324171023,23.5068648583334,86.4931361141317,48.9367782880785,42.0863900799786,67.7887364175676,,,,0.0181571168119928,0.271311044692993,0.224919950891368,0.353655411339284,0.302321539267472,0.143326352706092,9.72789287567139
,10.1999998092651,4.89437411834215,8.76098613621498,18.0338448370193,0.658770680427551,0.61649781533674,3.68580651283264,4.97808299405567,0.524178922176361,0.512462425834842,1.90774548053741,2.26414361206223,29.3289051005859,80.6695794392132,68.2287461539114,48.2010845128096,57.5924258390029,,,,0.0228823937336239,0.271311044692993,0.227375086069384,0.355708412206934,0.319314536791187,0.150676287057736,9.72789287567139
